0	1	2	3	4	5
-0.6738281	0.234375	-0.03048706	0.35986328	0.08276367	0.0569458
-0.6855469	0.22766113	-0.034973145	0.30737305	0.13269043	0.04248047
-0.74658203	0.2121582	-0.028060913	0.31176758	0.09082031	0.03704834
-0.65771484	0.31225586	0.034942627	0.28833008	0.15539551	-0.00065279007
-0.7685547	0.2442627	-0.030838013	0.32641602	0.09661865	0.0037155151
-0.7451172	0.17712402	-0.027297974	0.35473633	0.07763672	0.056030273
-0.7548828	0.2939453	-0.0036716461	0.34423828	0.10681152	-0.008628845
-0.75439453	0.16918945	-0.025024414	0.34301758	0.111694336	0.06173706
-0.58154297	0.3581543	0.06970215	0.25805664	0.18981934	0.0023174286
-0.7939453	0.25024414	-0.08666992	0.34375	0.04171753	0.013587952
-0.7451172	0.2298584	-0.0317688	0.3161621	0.07788086	0.06707764
-0.72802734	0.20617676	-0.048919678	0.30371094	0.06402588	0.005001068
-0.76171875	0.28271484	-0.033721924	0.28930664	0.120910645	-0.0262146
-0.7763672	0.32641602	-0.08770752	0.35839844	0.08728027	-0.057495117
-0.6010742	0.31445312	0.01687622	0.29223633	0.1652832	0.036865234
-0.73876953	0.28955078	-0.033996582	0.31396484	0.11291504	-0.055847168
-0.77734375	0.2734375	-0.08166504	0.34155273	0.06726074	-0.024765015
-0.7788086	0.26879883	-0.08618164	0.31225586	0.07525635	-0.012458801
-0.6772461	0.34594727	-0.03289795	0.3161621	0.13012695	-0.012557983
-0.8222656	0.25195312	-0.15197754	0.3293457	0.008705139	-0.0051956177
-0.5908203	0.28564453	0.027374268	0.30371094	0.21240234	0.06677246
-0.7006836	0.20239258	-0.08380127	0.33251953	0.055145264	0.053375244
-0.62060547	0.3359375	0.019119263	0.27783203	0.13977051	-0.004650116
-0.7583008	0.18713379	-0.027526855	0.32617188	0.09313965	0.0435791
-0.75634766	0.3010254	-0.07128906	0.35229492	0.04788208	-0.037017822
-0.74121094	0.26635742	-0.015098572	0.33911133	0.119140625	-0.032165527
-0.6855469	0.20654297	-0.053833008	0.31396484	0.07696533	0.06323242
-0.68896484	0.24108887	0.004333496	0.3071289	0.093933105	0.019805908
-0.76708984	0.27783203	-0.09466553	0.35791016	0.06726074	-0.035064697
-0.7236328	0.30859375	-0.040130615	0.29370117	0.09991455	-0.0446167
-0.76220703	0.31323242	-0.06506348	0.31567383	0.09863281	-0.030288696
-0.72802734	0.26416016	-0.062805176	0.34033203	0.099609375	-0.009727478
-0.7426758	0.33154297	-0.10876465	0.35009766	0.067993164	-0.074401855
-0.77246094	0.22363281	-0.07513428	0.32299805	0.061767578	0.03149414
-0.7675781	0.3017578	-0.058258057	0.3154297	0.06689453	-0.03491211
-0.6826172	0.22912598	-0.0011749268	0.31689453	0.112854004	0.06842041
-0.72558594	0.2454834	-0.012374878	0.32910156	0.08105469	-0.0077934265
-0.7470703	0.24353027	-0.008255005	0.33789062	0.059448242	0.033966064
-0.65966797	0.3791504	0.008529663	0.31201172	0.1361084	-0.0635376
-0.72509766	0.28930664	-0.03164673	0.3696289	0.08441162	0.06713867
-0.7211914	0.21020508	-0.033172607	0.3503418	0.07354736	0.09094238
-0.7114258	0.25976562	-0.04925537	0.31933594	0.080078125	0.045959473
-0.68896484	0.2052002	-0.032318115	0.29101562	0.08026123	0.038909912
-0.75390625	0.3881836	-0.15539551	0.33544922	0.081970215	-0.10827637
-0.5805664	0.3347168	0.048797607	0.30273438	0.16687012	-0.028900146
-0.72216797	0.21240234	-0.025482178	0.31835938	0.091308594	0.026290894
-0.7167969	0.20788574	-0.030456543	0.33276367	0.073791504	0.0440979
-0.72216797	0.20239258	-0.031051636	0.3305664	0.08666992	0.05593872
-0.72265625	0.2319336	-0.029006958	0.34985352	0.074035645	0.059814453
-0.80810547	0.3137207	-0.11340332	0.33422852	0.030792236	-0.06640625
-0.7626953	0.30419922	-0.0690918	0.28686523	0.10040283	-0.022918701
-0.59472656	0.3400879	0.053741455	0.32348633	0.19274902	-0.061279297
-0.7519531	0.26586914	-0.0033397675	0.32226562	0.123535156	0.041656494
-0.7553711	0.21264648	-0.041229248	0.3269043	0.08917236	0.053527832
-0.74560547	0.2980957	-0.08258057	0.32763672	0.07684326	-0.03640747
-0.7421875	0.32714844	-0.07513428	0.29614258	0.0657959	-0.06072998
-0.72314453	0.17883301	-0.02772522	0.34301758	0.11077881	0.045562744
-0.74121094	0.16296387	-0.03375244	0.34716797	0.067993164	0.080444336
-0.71972656	0.2927246	-0.035308838	0.3088379	0.10217285	-0.027664185
-0.77978516	0.3708496	-0.092041016	0.34985352	0.056884766	-0.13098145
-0.6816406	0.24914551	-0.003288269	0.28295898	0.12042236	0.03604126
-0.6972656	0.37719727	-0.040374756	0.30932617	0.117370605	-0.06866455
-0.7319336	0.2322998	-0.008277893	0.3190918	0.10217285	0.064697266
-0.7861328	0.3305664	-0.12030029	0.34545898	0.054748535	-0.089904785
-0.71191406	0.19482422	-0.027664185	0.2939453	0.0947876	0.059570312
-0.6533203	0.22436523	0.008743286	0.30004883	0.111083984	0.02809143
-0.71533203	0.2553711	-0.035064697	0.32592773	0.093566895	0.021759033
-0.7192383	0.23986816	-0.014556885	0.30273438	0.105773926	0.033111572
-0.7290039	0.18566895	-0.04586792	0.3137207	0.09411621	0.054870605
-0.7524414	0.40551758	-0.09265137	0.31225586	0.10864258	-0.15710449
-0.7114258	0.22180176	-0.05114746	0.32373047	0.05810547	0.047546387
-0.7036133	0.18164062	-0.07647705	0.28833008	0.07183838	0.04699707
-0.6635742	0.25439453	-0.039886475	0.29370117	0.11065674	0.0692749
-0.7011719	0.23632812	0.016601562	0.29418945	0.1665039	0.010299683
-0.71191406	0.17041016	-0.036590576	0.32177734	0.0848999	0.060180664
-0.72998047	0.17687988	-0.055358887	0.32055664	0.0826416	0.035339355
-0.7104492	0.18566895	-0.015716553	0.31176758	0.092163086	0.06713867
-0.78515625	0.18359375	-0.061920166	0.38183594	0.046539307	0.0637207
-0.7758789	0.31958008	-0.104003906	0.33203125	0.095947266	-0.099853516
-0.7529297	0.23986816	-0.070739746	0.3317871	0.08282471	-0.0031929016
-0.7441406	0.29223633	-0.05114746	0.32958984	0.045043945	-0.014183044
-0.70751953	0.36132812	-0.018737793	0.30493164	0.19116211	-0.095703125
-0.7734375	0.23168945	-0.06866455	0.2998047	0.11468506	0.02796936
-0.7314453	0.1665039	-0.04107666	0.32226562	0.07244873	0.06500244
-0.7685547	0.17175293	-0.056365967	0.35253906	0.048065186	0.07684326
-0.72998047	0.18676758	-0.043029785	0.33520508	0.05895996	0.06567383
-0.78515625	0.27441406	-0.08239746	0.328125	0.05670166	0.012184143
-0.7182617	0.24829102	-0.034942627	0.32788086	0.10333252	0.011772156
-0.7890625	0.18127441	-0.12817383	0.34545898	0.052642822	0.054107666
-0.7661133	0.2590332	-0.045898438	0.31079102	0.09313965	0.009162903
-0.68652344	0.18847656	-0.016159058	0.3244629	0.087890625	0.08282471
-0.7734375	0.21228027	-0.11230469	0.31958008	0.08569336	0.0048828125
-0.6826172	0.19458008	0.0030536652	0.32788086	0.12097168	0.0390625
-0.67089844	0.23901367	0.009262085	0.30371094	0.13879395	0.036376953
-0.70947266	0.2199707	-0.061523438	0.30737305	0.06604004	0.05053711
-0.58203125	0.34936523	0.06933594	0.29541016	0.19494629	0.005970001
-0.7558594	0.28808594	-0.080566406	0.28564453	0.11138916	-0.04849243
-0.7836914	0.18408203	-0.07342529	0.33422852	0.04498291	0.055664062
-0.66845703	0.45385742	0.032348633	0.29492188	0.23620605	-0.17590332
-0.7573242	0.21179199	-0.024871826	0.32910156	0.10021973	0.0033683777
-0.5834961	0.31420898	0.099365234	0.2927246	0.21362305	-0.013442993
-0.70166016	0.19787598	-0.005958557	0.29614258	0.11993408	0.03390503
-0.6098633	0.30322266	0.044799805	0.31103516	0.19384766	0.020599365
-0.7373047	0.18884277	-0.04547119	0.32421875	0.06518555	0.042938232
-0.77197266	0.20532227	-0.032073975	0.31567383	0.06359863	0.060394287
-0.69628906	0.30859375	-0.08392334	0.34204102	0.083862305	-0.040771484
-0.76660156	0.29711914	-0.091796875	0.32763672	0.093688965	-0.0914917
-0.6933594	0.25268555	-0.07128906	0.32861328	0.10253906	0.050231934
-0.8149414	0.3491211	-0.111694336	0.35546875	0.030914307	-0.101501465
-0.7836914	0.17504883	-0.066833496	0.32421875	0.07458496	0.03050232
-0.65966797	0.22033691	0.007820129	0.29589844	0.14208984	0.03543091
-0.7963867	0.26123047	-0.090148926	0.38745117	0.045776367	-0.0031795502
-0.7597656	0.21313477	-0.059936523	0.33325195	0.06604004	0.04849243
-0.78027344	0.18493652	-0.03555298	0.35375977	0.06524658	0.06781006
-0.7519531	0.25610352	-0.030654907	0.32055664	0.107421875	0.014137268
-0.7631836	0.2043457	-0.040802002	0.33666992	0.08557129	0.0423584
-0.7578125	0.2368164	-0.031799316	0.31933594	0.08850098	0.014060974
-0.73535156	0.22485352	-0.03918457	0.32202148	0.07141113	0.018203735
-0.76220703	0.25976562	-0.09033203	0.33569336	0.06298828	-0.004184723
-0.80810547	0.29516602	-0.14416504	0.28051758	0.124572754	-0.068603516
-0.7470703	0.20422363	-0.07208252	0.3618164	0.076049805	0.05657959
-0.7158203	0.19519043	-0.023345947	0.33520508	0.09039307	0.072265625
-0.76416016	0.18591309	-0.009498596	0.30615234	0.09710693	0.04144287
-0.70458984	0.2529297	-0.01828003	0.3425293	0.109680176	0.009727478
-0.7597656	0.18591309	-0.05239868	0.32836914	0.071899414	0.07165527
-0.6123047	0.30932617	-0.057128906	0.3017578	0.13195801	0.064697266
-0.78125	0.18835449	-0.07873535	0.37158203	0.05810547	0.06286621
-0.7192383	0.20861816	-0.036987305	0.3544922	0.05529785	0.045288086
-0.7421875	0.2512207	-0.049072266	0.3479004	0.08483887	0.015098572
-0.72509766	0.20080566	-0.036346436	0.3256836	0.072387695	0.06665039
-0.6386719	0.29296875	0.042907715	0.31201172	0.17895508	0.013137817
-0.74365234	0.19750977	-0.012687683	0.33129883	0.10559082	0.0791626
-0.60058594	0.18884277	-0.09307861	0.34448242	0.15441895	0.0692749
-0.6635742	0.25708008	-0.017684937	0.30688477	0.1270752	0.039855957
-0.6401367	0.30004883	0.05126953	0.3017578	0.17932129	0.02810669
-0.69970703	0.33789062	-0.016738892	0.3190918	0.12670898	-0.029525757
-0.7548828	0.19152832	-0.046020508	0.33666992	0.107666016	0.049743652
-0.79052734	0.23498535	-0.09777832	0.34423828	0.12310791	-0.022262573
-0.7319336	0.27246094	-0.117614746	0.3642578	0.10949707	-0.037841797
-0.7285156	0.18493652	-0.0044898987	0.31396484	0.079833984	0.072387695
-0.6567383	0.2944336	0.053100586	0.32421875	0.18688965	0.0025157928
-0.5385742	0.36206055	0.09161377	0.26611328	0.2199707	-0.0034770966
-0.78466797	0.2355957	-0.006702423	0.32666016	0.10467529	0.04067993
-0.78466797	0.20141602	-0.025604248	0.32763672	0.083984375	0.060424805
-0.76904297	0.32250977	-0.090026855	0.3322754	0.06750488	-0.06744385
-0.7558594	0.3701172	-0.077941895	0.3022461	0.089782715	-0.13195801
-0.73339844	0.25830078	-0.030517578	0.33935547	0.11212158	0.011482239
-0.7270508	0.28735352	-0.07330322	0.31274414	0.14282227	0.015403748
-0.71191406	0.22583008	-0.06021118	0.28295898	0.08892822	0.029159546
-0.7192383	0.20410156	-0.056518555	0.32226562	0.06500244	0.030090332
-0.72216797	0.26391602	-0.057525635	0.31103516	0.086120605	-0.0012989044
-0.7260742	0.21691895	-0.083618164	0.30688477	0.043792725	0.056915283
-0.7910156	0.25073242	-0.021713257	0.33691406	0.06817627	0.011543274
-0.63183594	0.23828125	0.014381409	0.29077148	0.20544434	0.019454956
-0.6074219	0.32763672	0.04333496	0.28051758	0.18408203	-0.021224976
-0.7792969	0.3149414	-0.07623291	0.3388672	0.105529785	-0.032958984
-0.7817383	0.21350098	-0.054840088	0.32763672	0.049072266	0.04159546
-0.7573242	0.29052734	-0.081726074	0.3383789	0.0725708	-0.023986816
-0.7578125	0.20800781	-0.06439209	0.31445312	0.08227539	0.035217285
-0.6923828	0.19445801	-0.015716553	0.32788086	0.071899414	0.05999756
-0.6542969	0.31982422	-0.014083862	0.29174805	0.19824219	0.038604736
-0.68896484	0.2854004	-0.01222229	0.2890625	0.10583496	-0.0041236877
-0.7583008	0.27441406	-0.05883789	0.3413086	0.07055664	-0.008605957
-0.77197266	0.19689941	-0.06903076	0.33496094	0.07055664	0.062561035
-0.79248047	0.26391602	-0.08288574	0.36132812	0.04196167	0.03552246
-0.7583008	0.19042969	-0.048980713	0.33251953	0.071899414	0.05078125
-0.7133789	0.20568848	-0.066345215	0.31274414	0.09875488	0.04272461
-0.6689453	0.22106934	-0.008132935	0.32739258	0.12432861	0.04309082
-0.74072266	0.2932129	-0.011222839	0.29589844	0.103271484	0.00090551376
-0.7402344	0.33569336	-0.064941406	0.31835938	0.1015625	-0.07385254
-0.7241211	0.24389648	-0.008468628	0.35253906	0.10003662	0.044799805
-0.68066406	0.35229492	-0.034362793	0.30004883	0.13635254	-0.028076172
-0.6928711	0.22802734	0.013832092	0.30419922	0.119628906	0.032409668
-0.74902344	0.21240234	-0.04434204	0.3383789	0.084350586	0.06317139
-0.72216797	0.3203125	-0.06945801	0.3137207	0.0793457	-0.029220581
-0.734375	0.22009277	-0.048034668	0.34765625	0.054260254	0.066711426
-0.7548828	0.23461914	-0.027786255	0.3557129	0.07727051	0.052703857
-0.6665039	0.17553711	-0.008880615	0.30932617	0.15319824	0.05831909
-0.5957031	0.29711914	0.025421143	0.33398438	0.17053223	0.0395813
-0.88671875	0.22949219	-0.15625	0.36328125	0.101501465	-0.06222534
-0.74609375	0.2154541	-0.05203247	0.3239746	0.055847168	0.0670166
-0.72802734	0.3149414	-0.027359009	0.3071289	0.12731934	0.0058670044
-0.7495117	0.30688477	-0.084228516	0.32910156	0.1083374	-0.0077819824
-0.73583984	0.19042969	-0.04925537	0.37719727	0.06072998	0.06347656
-0.67089844	0.22570801	-0.06121826	0.31030273	0.10144043	0.049072266
-0.5996094	0.28295898	0.029525757	0.30322266	0.15808105	0.043945312
-0.6376953	0.3059082	-0.031341553	0.30322266	0.14379883	0.035461426
-0.7763672	0.17028809	-0.03427124	0.34716797	0.06933594	0.097717285
-0.60839844	0.28393555	0.02267456	0.2763672	0.1854248	0.033416748
-0.8173828	0.26464844	-0.1307373	0.36035156	0.072509766	0.0152282715
-0.77246094	0.20166016	-0.095581055	0.3635254	0.04284668	0.036712646
-0.7578125	0.1776123	-0.06008911	0.32666016	0.068237305	0.052734375
-0.7128906	0.2277832	-0.046325684	0.2800293	0.1282959	0.043670654
-0.7011719	0.19458008	-0.030731201	0.3173828	0.09893799	0.06561279
-0.69140625	0.22045898	-0.055511475	0.33325195	0.07849121	0.07281494
-0.7441406	0.22558594	-0.029464722	0.3479004	0.07946777	0.047302246
-0.75146484	0.17785645	-0.054779053	0.3540039	0.07489014	0.06427002
-0.73339844	0.18798828	-0.036254883	0.34545898	0.067993164	0.077697754
-0.5751953	0.29614258	0.05316162	0.30078125	0.18383789	0.013252258
-0.71875	0.2211914	-0.02520752	0.33544922	0.07373047	0.04925537
-0.72314453	0.24365234	-0.042999268	0.31958008	0.09802246	0.045684814
-0.7475586	0.19848633	-0.031829834	0.2932129	0.13415527	0.034698486
-0.80908203	0.28051758	-0.12915039	0.32910156	0.022994995	-0.052856445
-0.61328125	0.2758789	0.0748291	0.31762695	0.19421387	0.016815186
-0.70214844	0.20214844	-0.04425049	0.31811523	0.091308594	0.06286621
-0.60595703	0.27490234	0.010597229	0.2836914	0.16455078	0.04260254
-0.68359375	0.22399902	-0.01576233	0.3034668	0.12402344	0.0340271
-0.74609375	0.19091797	-0.07543945	0.3798828	0.052337646	0.05657959
-0.7270508	0.22314453	-0.015167236	0.32958984	0.09942627	0.07720947
-0.74121094	0.2241211	-0.08306885	0.33081055	0.08325195	0.053619385
-0.58251953	0.31103516	0.053741455	0.31030273	0.22143555	0.014259338
-0.6459961	0.27490234	0.024291992	0.30297852	0.17541504	0.04473877
-0.7636719	0.20117188	-0.05569458	0.3425293	0.081604004	0.070617676
-0.7158203	0.25073242	-0.017684937	0.31835938	0.06561279	0.04144287
-0.70214844	0.1751709	-0.0039863586	0.31640625	0.12322998	0.07055664
-0.68652344	0.2355957	-0.07635498	0.3540039	0.13195801	0.039154053
-0.73583984	0.23779297	-0.030334473	0.35180664	0.085510254	0.05996704
-0.7104492	0.18664551	-0.021118164	0.34570312	0.109436035	0.07299805
-0.68896484	0.28466797	0.008087158	0.31323242	0.099243164	0.010932922
-0.68115234	0.26293945	-0.021392822	0.30004883	0.11645508	0.042053223
-0.7163086	0.26611328	0.013458252	0.29711914	0.20385742	0.028305054
-0.72216797	0.19799805	-0.030929565	0.33422852	0.10394287	0.044799805
-0.69873047	0.1796875	-0.046051025	0.31884766	0.09094238	0.08099365
-0.58935547	0.2800293	0.025894165	0.3178711	0.18347168	0.024673462
-0.6748047	0.25463867	0.034088135	0.28833008	0.13549805	0.023483276
-0.5727539	0.3178711	0.05154419	0.2919922	0.19067383	0.00028252602
-0.64501953	0.2841797	0.029525757	0.2927246	0.18798828	0.012062073
-0.7026367	0.17822266	-0.02720642	0.3322754	0.10406494	0.07006836
-0.75927734	0.18151855	-0.03491211	0.3095703	0.07623291	0.042999268
-0.72216797	0.19995117	-0.037994385	0.31958008	0.078063965	0.057861328
-0.6386719	0.2758789	0.015304565	0.3095703	0.12780762	0.059326172
-0.71875	0.17504883	-0.05923462	0.28930664	0.0791626	0.04537964
-0.68847656	0.16577148	-0.020065308	0.30737305	0.14074707	0.042144775
-0.7290039	0.19006348	0.018478394	0.33520508	0.112976074	0.035095215
-0.7607422	0.18591309	-0.03387451	0.34399414	0.09655762	0.06713867
-0.71240234	0.1862793	-0.014877319	0.3125	0.123535156	0.04647827
-0.71972656	0.18981934	-0.0335083	0.3244629	0.100097656	0.0625
-0.71972656	0.17712402	-0.026565552	0.30639648	0.085876465	0.070739746
-0.7133789	0.1730957	-0.027893066	0.3137207	0.10992432	0.05734253
-0.67285156	0.23339844	-0.00459671	0.33129883	0.11816406	0.05810547
-0.78271484	0.23303223	-0.044067383	0.32763672	0.10412598	0.039215088
-0.6777344	0.21069336	0.013130188	0.30395508	0.105163574	0.04446411
-0.6879883	0.21716309	0.02720642	0.30664062	0.1394043	0.03781128
-0.70166016	0.25195312	-0.009803772	0.31103516	0.10290527	0.03451538
-0.73339844	0.19396973	-0.048950195	0.33569336	0.06945801	0.061767578
-0.7104492	0.20422363	-0.017059326	0.3466797	0.09277344	0.058410645
-0.6123047	0.28125	0.026153564	0.29882812	0.18286133	0.02999878
-0.69677734	0.20776367	-0.043182373	0.32299805	0.09246826	0.07354736
-0.7524414	0.19384766	-0.028518677	0.34375	0.06549072	0.075927734
-0.70751953	0.2088623	-0.022491455	0.29541016	0.11212158	0.058258057
-0.69873047	0.18896484	-0.019119263	0.29370117	0.107421875	0.046295166
-0.7036133	0.21264648	-0.026275635	0.3330078	0.08569336	0.07891846
-0.7421875	0.24291992	-0.097473145	0.3466797	0.095581055	0.011360168
-0.64160156	0.31445312	0.027832031	0.30371094	0.17407227	-0.0138168335
-0.6767578	0.22766113	-0.038635254	0.29882812	0.1026001	0.05090332
-0.6040039	0.32666016	-0.0075912476	0.26245117	0.12445068	0.028305054
-0.6982422	0.31201172	0.008285522	0.29174805	0.15686035	-0.0013399124
-0.71240234	0.26782227	-0.055541992	0.34277344	0.0793457	0.03253174
-0.71484375	0.24438477	0.0018920898	0.30200195	0.08984375	0.050079346
-0.7055664	0.2055664	-0.033325195	0.33447266	0.09008789	0.09210205
-0.5595703	0.3239746	0.06329346	0.31396484	0.20678711	0.06072998
-0.7246094	0.21728516	0.00015807152	0.32495117	0.12390137	0.05923462
-0.7651367	0.18017578	-0.046325684	0.35913086	0.06555176	0.07055664
-0.6875	0.23291016	0.0073928833	0.2919922	0.1328125	0.024932861
-0.7207031	0.18701172	-0.00881958	0.30322266	0.10040283	0.07110596
-0.73876953	0.20422363	-0.018356323	0.33129883	0.12890625	0.041503906
-0.70947266	0.2290039	-0.03805542	0.3010254	0.07409668	0.024124146
-0.73828125	0.20605469	-0.022338867	0.3251953	0.081726074	0.06097412
-0.59228516	0.35083008	0.07098389	0.30737305	0.1809082	0.05859375
-0.7788086	0.1862793	-0.08392334	0.37158203	0.035064697	0.08013916
-0.6855469	0.24377441	-0.032073975	0.3239746	0.11694336	0.027282715
-0.7138672	0.21850586	-0.027679443	0.34399414	0.10437012	0.07281494
-0.7729492	0.18786621	-0.08093262	0.33129883	0.1194458	0.068847656
-0.73095703	0.20458984	-0.088012695	0.3413086	0.099731445	0.06500244
-0.76660156	0.25976562	-0.04196167	0.3527832	0.09741211	0.05331421
-0.7495117	0.24243164	-0.033721924	0.31958008	0.08935547	0.03994751
-0.7104492	0.23120117	0.020095825	0.30981445	0.12213135	0.04058838
-0.7285156	0.16210938	-0.031021118	0.29736328	0.07501221	0.0836792
-0.7705078	0.18835449	-0.032165527	0.3293457	0.07122803	0.057617188
-0.7270508	0.21948242	-0.045318604	0.30200195	0.095581055	0.04949951
-0.71484375	0.22937012	-0.0104599	0.34033203	0.09844971	0.0552063
-0.74072266	0.23571777	-0.018447876	0.29101562	0.121398926	0.03451538
-0.7753906	0.19104004	-0.095947266	0.33276367	0.026916504	0.04812622
-0.7182617	0.23327637	-0.029159546	0.33154297	0.08935547	0.05999756
-0.6870117	0.23754883	0.0032482147	0.30322266	0.08874512	0.04510498
-0.7114258	0.1920166	-0.052703857	0.3088379	0.08502197	0.050476074
-0.5756836	0.2709961	0.073791504	0.2890625	0.19372559	0.008544922
-0.7128906	0.25585938	-0.030853271	0.32006836	0.10253906	0.05050659
-0.70996094	0.21618652	-0.044525146	0.34204102	0.09100342	0.06665039
-0.7416992	0.23754883	-0.077819824	0.35009766	0.081970215	0.017196655
-0.6904297	0.2614746	-0.031188965	0.28881836	0.115600586	0.036193848
-0.6616211	0.25073242	-0.026397705	0.3112793	0.09460449	0.06161499
-0.62353516	0.19384766	-0.1381836	0.33862305	0.18017578	0.034454346
-0.7636719	0.1776123	-0.062927246	0.36767578	0.034820557	0.08203125
-0.7392578	0.2265625	-0.019439697	0.31982422	0.06750488	0.0524292
-0.8261719	0.19396973	-0.11315918	0.31591797	0.070007324	-0.017654419
-0.7324219	0.20458984	-0.046417236	0.33520508	0.055389404	0.06341553
-0.7426758	0.2208252	-0.04748535	0.30688477	0.07763672	0.0473938
-0.75683594	0.17529297	-0.03543091	0.34472656	0.07751465	0.08129883
-0.72558594	0.19458008	-0.025512695	0.33447266	0.09765625	0.059265137
-0.7216797	0.3005371	-0.007835388	0.30566406	0.09454346	0.026428223
-0.70654297	0.21704102	0.005821228	0.3479004	0.06500244	0.050720215
-0.76953125	0.19372559	-0.093322754	0.3322754	0.083862305	0.023666382
-0.7709961	0.21618652	-0.058685303	0.3425293	0.048950195	0.05529785
-0.7128906	0.24487305	-0.042388916	0.32348633	0.095825195	0.038208008
-0.7114258	0.17578125	-0.025817871	0.3305664	0.090026855	0.095214844
-0.6333008	0.2878418	0.024856567	0.28857422	0.17224121	0.024276733
-0.70703125	0.24707031	-0.014511108	0.32421875	0.081970215	0.059661865
-0.78759766	0.18359375	-0.02520752	0.35253906	0.06768799	0.07556152
-0.64746094	0.2541504	0.029312134	0.26391602	0.15307617	0.029541016
-0.74853516	0.18554688	-0.04977417	0.35009766	0.054840088	0.058044434
-0.65771484	0.28857422	0.011482239	0.25463867	0.18847656	0.037597656
-0.5805664	0.28833008	0.06719971	0.31274414	0.26220703	-0.03286743
-0.7558594	0.25634766	-0.002960205	0.32666016	0.12243652	0.010322571
-0.71533203	0.21887207	-0.019439697	0.33618164	0.08758545	0.05392456
-0.6669922	0.31518555	-0.019088745	0.3244629	0.13244629	0.029403687
-0.7470703	0.19274902	-0.04940796	0.3359375	0.09088135	0.06591797
-0.65966797	0.2290039	-0.004928589	0.2841797	0.1303711	0.027114868
-0.68603516	0.24584961	0.0029678345	0.3173828	0.107299805	0.07116699
-0.7211914	0.1373291	-0.020507812	0.32885742	0.092285156	0.033447266
-0.8066406	0.23425293	-0.034851074	0.3383789	0.11279297	0.042053223
-0.68652344	0.28808594	-0.053863525	0.29296875	0.1418457	-0.021530151
-0.7524414	0.18591309	-0.025802612	0.33276367	0.107543945	0.066345215
-0.64501953	0.26367188	0.011177063	0.29125977	0.1352539	0.025741577
-0.68652344	0.21533203	-0.023147583	0.30517578	0.12188721	0.07409668
-0.73046875	0.20739746	-0.036102295	0.31591797	0.09844971	0.05883789
-0.71484375	0.20483398	-0.01184845	0.32348633	0.13085938	0.031433105
-0.7651367	0.21948242	-0.041900635	0.34228516	0.046447754	0.07104492
-0.7832031	0.20239258	-0.033172607	0.3630371	0.06390381	0.040405273
-0.78808594	0.2006836	-0.13232422	0.34814453	0.087524414	-0.025100708
-0.7480469	0.18261719	-0.013175964	0.31176758	0.13452148	0.03567505
-0.54833984	0.3581543	0.03970337	0.30859375	0.20043945	-0.008102417
-0.64746094	0.3605957	0.011138916	0.30419922	0.21142578	-0.001326561
-0.7675781	0.26953125	-0.027389526	0.30322266	0.12225342	0.021728516
-0.76416016	0.16516113	-0.057525635	0.3581543	0.040802002	0.08691406
-0.7734375	0.22314453	-0.0670166	0.29882812	0.06335449	0.049713135
-0.7626953	0.1977539	-0.12963867	0.32666016	0.06829834	0.008140564
-0.80566406	0.20251465	-0.057434082	0.34960938	0.06732178	0.072753906
-0.5883789	0.2841797	0.043762207	0.2932129	0.20251465	0.054840088
-0.7207031	0.27539062	-0.05783081	0.27490234	0.115478516	0.018554688
-0.72314453	0.20361328	-0.06427002	0.3803711	0.058532715	0.07299805
-0.7158203	0.32250977	-0.08148193	0.33862305	0.11468506	-0.024429321
-0.78125	0.23742676	-0.0836792	0.31835938	0.09472656	-0.012634277
-0.7192383	0.2614746	-0.091552734	0.3618164	0.16833496	0.024154663
-0.74121094	0.22216797	-0.022857666	0.33447266	0.08306885	0.0423584
-0.77783203	0.21948242	-0.033050537	0.35131836	0.03692627	0.021652222
-0.7661133	0.22351074	-0.011436462	0.33911133	0.113098145	0.044311523
-0.7089844	0.18347168	-0.03753662	0.29711914	0.07183838	0.0546875
-0.69433594	0.28515625	-0.026367188	0.28515625	0.10668945	0.028808594
-0.81884766	0.24536133	-0.036224365	0.34765625	0.09686279	0.008453369
-0.7470703	0.1850586	-0.111083984	0.33251953	0.07171631	0.013877869
-0.6958008	0.2553711	-0.041900635	0.34838867	0.13391113	0.031219482
-0.7036133	0.23742676	-0.0044822693	0.30029297	0.09637451	0.046875
-0.7709961	0.17138672	-0.03451538	0.36083984	0.09210205	0.0690918
-0.7602539	0.18237305	-0.062438965	0.3190918	0.09088135	0.081970215
-0.6977539	0.24731445	-0.02861023	0.31225586	0.08917236	0.05895996
-0.77685547	0.24560547	-0.030273438	0.29418945	0.11450195	-0.021377563
-0.6347656	0.27270508	0.02432251	0.30297852	0.12445068	0.028503418
-0.76660156	0.2783203	-0.018920898	0.32299805	0.09295654	0.016311646
-0.68652344	0.22705078	-0.011642456	0.30908203	0.10430908	0.02293396
-0.67626953	0.25854492	-0.011787415	0.3413086	0.09442139	0.03894043
-0.7416992	0.17541504	-0.052612305	0.34106445	0.081604004	0.07543945
-0.62353516	0.23815918	0.024765015	0.30078125	0.17980957	0.07714844
-0.8540039	0.20654297	-0.19750977	0.37670898	0.09100342	0.057159424
-0.7753906	0.20703125	-0.058624268	0.31396484	0.097717285	0.04611206
-0.7602539	0.20703125	-0.111816406	0.37548828	0.062438965	0.022201538
-0.6635742	0.3137207	-0.0032787323	0.33203125	0.18774414	-0.02406311
-0.69677734	0.1694336	-0.021499634	0.29174805	0.08441162	0.08306885
-0.6953125	0.20788574	-0.025665283	0.32128906	0.11767578	0.08862305
-0.7006836	0.27978516	-0.016555786	0.3046875	0.08770752	0.021652222
-0.75683594	0.1965332	-0.01399231	0.3383789	0.09710693	0.05203247
-0.6879883	0.21057129	-0.0025672913	0.30273438	0.1048584	0.036499023
-0.75146484	0.18945312	-0.12536621	0.36132812	0.11315918	-0.0049705505
-0.62353516	0.24414062	0.025466919	0.30078125	0.17199707	0.075683594
-0.7373047	0.19519043	-0.0637207	0.3779297	0.045654297	0.022354126
-0.69433594	0.23706055	-0.04360962	0.33764648	0.08312988	0.045166016
-0.6323242	0.28027344	0.026779175	0.33911133	0.08001709	0.041992188
-0.8510742	0.22668457	-0.20727539	0.35131836	0.14147949	-0.034973145
-0.7626953	0.2854004	-0.10015869	0.2590332	0.092163086	0.021255493
-0.6694336	0.20629883	0.0055007935	0.27514648	0.14440918	0.02760315
-0.6933594	0.29541016	0.015914917	0.29052734	0.11071777	0.022384644
-0.7558594	0.23632812	-0.020828247	0.32910156	0.09576416	0.043701172
-0.72802734	0.17822266	-0.027145386	0.34228516	0.1161499	0.064697266
-0.765625	0.14099121	-0.08288574	0.41845703	0.06072998	0.06011963
-0.7133789	0.20715332	-0.040527344	0.31567383	0.11956787	0.037628174
-0.78125	0.20397949	-0.019744873	0.3425293	0.07104492	0.046173096
-0.7314453	0.20959473	-0.008346558	0.34179688	0.09118652	0.038330078
-0.62939453	0.29296875	0.08685303	0.29248047	0.22302246	0.0077705383
-0.6328125	0.31079102	-0.0027427673	0.28735352	0.1694336	-0.013267517
-0.7817383	0.25854492	-0.15441895	0.33447266	0.16601562	-0.055145264
-0.61572266	0.29174805	0.012283325	0.29125977	0.14526367	0.052581787
-0.75	0.15368652	-0.022506714	0.32226562	0.0925293	0.06518555
-0.7324219	0.22399902	0.004272461	0.33081055	0.08282471	0.014251709
-0.60058594	0.31396484	-0.01687622	0.27661133	0.18713379	0.0024738312
-0.72021484	0.19042969	-0.041381836	0.33203125	0.080078125	0.07373047
-0.75097656	0.22351074	-0.05340576	0.3190918	0.07287598	0.050445557
-0.70996094	0.2631836	0.0032615662	0.30541992	0.11425781	0.03152466
-0.6586914	0.27368164	-0.0077400208	0.29736328	0.105407715	0.027038574
-0.7167969	0.25073242	0.0009689331	0.31884766	0.110839844	0.026657104
-0.7529297	0.18969727	-0.022506714	0.32055664	0.10656738	0.040374756
-0.7446289	0.17773438	-0.016235352	0.32763672	0.07562256	0.06573486
-0.6035156	0.32763672	0.061584473	0.3125	0.18237305	-0.008529663
-0.7050781	0.24658203	-0.03274536	0.2915039	0.12310791	0.009338379
-0.69628906	0.25048828	-0.032806396	0.30078125	0.09100342	0.06500244
-0.6928711	0.20056152	-0.013534546	0.32958984	0.120788574	0.05999756
-0.69140625	0.22753906	-0.032226562	0.28930664	0.07171631	0.022323608
-0.6479492	0.27416992	0.0059432983	0.28466797	0.1451416	0.057861328
-0.73535156	0.17944336	-0.03475952	0.3388672	0.06878662	0.09210205
-0.703125	0.2199707	-0.032562256	0.32983398	0.09259033	0.06365967
-0.6923828	0.22717285	-0.025039673	0.3491211	0.080322266	0.06124878
-0.69921875	0.24255371	-0.024871826	0.32543945	0.09283447	0.051757812
-0.70751953	0.23693848	-0.0262146	0.33325195	0.09234619	0.06097412
-0.6323242	0.2788086	0.038482666	0.29663086	0.2052002	0.04748535
-0.61279297	0.27807617	0.04425049	0.32128906	0.2019043	0.0065956116
-0.7011719	0.23339844	-0.014167786	0.30981445	0.10290527	0.009338379
-0.7167969	0.22717285	-0.01763916	0.31982422	0.12005615	0.02218628
-0.5932617	0.29711914	0.024658203	0.3251953	0.21911621	-0.011856079
-0.7109375	0.2232666	-0.03286743	0.33007812	0.11151123	0.05041504
-0.7573242	0.18444824	0.00982666	0.3383789	0.123413086	0.046966553
-0.73339844	0.21313477	-0.06060791	0.32910156	0.08306885	0.08166504
-0.72558594	0.23046875	0.01134491	0.2993164	0.123413086	0.03152466
-0.70458984	0.26123047	0.00051641464	0.3244629	0.12030029	0.003440857
-0.72998047	0.21289062	-0.044189453	0.32080078	0.105773926	0.051849365
-0.7236328	0.2055664	-0.05279541	0.3227539	0.08905029	0.055999756
-0.6123047	0.32763672	0.05343628	0.2836914	0.15771484	0.018615723
-0.73828125	0.23840332	-0.089660645	0.34350586	0.04776001	0.019378662
-0.7495117	0.20043945	-0.036712646	0.36083984	0.057037354	0.06890869
-0.77490234	0.22070312	-0.066345215	0.3466797	0.11364746	0.079956055
-0.67529297	0.26733398	-0.02696228	0.2902832	0.08905029	0.05496216
-0.69091797	0.21032715	-0.024047852	0.296875	0.14208984	0.054229736
-0.7705078	0.18774414	-0.051086426	0.3322754	0.081848145	0.08483887
-0.69091797	0.22473145	0.0051841736	0.31225586	0.114868164	0.04776001
-0.78515625	0.18261719	-0.04815674	0.32470703	0.084106445	0.06036377
-0.7236328	0.20483398	-0.06567383	0.32788086	0.09484863	0.08673096
-0.71435547	0.25463867	-0.007221222	0.32714844	0.06549072	0.047302246
-0.63671875	0.2824707	0.00868988	0.31567383	0.15197754	0.059814453
-0.67529297	0.34277344	-0.055145264	0.35131836	0.12548828	-0.049713135
-0.75	0.29638672	-0.04537964	0.34936523	0.097717285	0.015853882
-0.55615234	0.31762695	0.075805664	0.31860352	0.19128418	0.074035645
-0.69873047	0.25585938	0.011116028	0.33813477	0.10681152	0.028686523
-0.6713867	0.2602539	0.016784668	0.28393555	0.13452148	0.029968262
-0.7729492	0.1706543	-0.07763672	0.37841797	0.04815674	0.070495605
-0.7128906	0.1854248	-0.008117676	0.3251953	0.096069336	0.028137207
-0.74560547	0.2265625	-0.029296875	0.34838867	0.06689453	0.059692383
-0.7128906	0.24560547	0.0041923523	0.30810547	0.10662842	0.054992676
-0.74853516	0.25952148	-0.031402588	0.33911133	0.06903076	0.08117676
-0.66064453	0.23181152	0.011764526	0.28710938	0.12976074	0.026565552
-0.58984375	0.23754883	-0.014190674	0.2800293	0.16308594	0.078063965
-0.68408203	0.21850586	-0.014350891	0.31469727	0.12310791	0.04425049
-0.7114258	0.21374512	-0.07727051	0.34960938	0.07519531	0.04397583
-0.74121094	0.1953125	-0.040283203	0.31689453	0.074157715	0.070495605
-0.7553711	0.19494629	-0.016204834	0.34155273	0.09051514	0.04675293
-0.72216797	0.19946289	-0.023452759	0.33691406	0.10961914	0.045837402
-0.7319336	0.24597168	-0.04244995	0.3046875	0.09576416	0.016921997
-0.7036133	0.22570801	-0.0069236755	0.32983398	0.09649658	0.064819336
-0.7290039	0.18640137	-0.07348633	0.3100586	0.06951904	0.041900635
-0.67822266	0.2467041	-0.014801025	0.28125	0.07739258	0.055541992
-0.7270508	0.22045898	-0.022033691	0.29370117	0.107055664	0.015434265
-0.73095703	0.18029785	-0.011894226	0.30615234	0.12231445	0.040008545
-0.7338867	0.26416016	-0.0690918	0.3322754	0.10290527	0.02708435
-0.63378906	0.22680664	-0.009788513	0.29882812	0.12805176	0.050964355
-0.73828125	0.20922852	-0.026245117	0.32983398	0.06915283	0.06896973
-0.6933594	0.21655273	-0.010902405	0.32666016	0.112976074	0.044525146
-0.6870117	0.24291992	-0.007949829	0.30566406	0.09387207	0.04650879
-0.75146484	0.17492676	-0.099731445	0.34594727	0.05105591	0.09185791
-0.70458984	0.18261719	-0.046783447	0.31225586	0.10284424	0.06329346
-0.7338867	0.23364258	-0.02798462	0.35058594	0.07849121	0.04901123
-0.6923828	0.23852539	-0.005592346	0.28808594	0.09954834	0.037750244
-0.7294922	0.25683594	-0.050994873	0.31933594	0.094177246	0.0023765564
-0.62060547	0.3190918	0.041137695	0.32617188	0.16174316	0.047943115
-0.71972656	0.2175293	-0.03869629	0.34472656	0.07702637	0.06274414
-0.6230469	0.29052734	0.052856445	0.3071289	0.19641113	-0.01953125
-0.7260742	0.24267578	-0.06390381	0.32055664	0.10772705	0.048614502
-0.7089844	0.21350098	-0.07269287	0.31445312	0.10321045	0.051116943
-0.7421875	0.2548828	-0.023483276	0.3022461	0.09442139	0.018127441
-0.7338867	0.20141602	-0.037872314	0.33447266	0.10015869	0.08392334
-0.7089844	0.29760742	-0.012039185	0.36450195	0.10028076	0.041381836
-0.6455078	0.2705078	-0.027282715	0.3034668	0.1081543	0.07623291
-0.7714844	0.1574707	-0.054992676	0.34521484	0.035614014	0.04232788
-0.73535156	0.22766113	-0.015541077	0.34570312	0.06762695	0.031951904
-0.6953125	0.19360352	-0.0060424805	0.28735352	0.11773682	0.057617188
-0.7060547	0.19995117	-0.010070801	0.28173828	0.1159668	0.028533936
-0.7524414	0.20605469	-0.058624268	0.34326172	0.04901123	0.029907227
-0.7241211	0.26123047	-0.015068054	0.3251953	0.15136719	0.059020996
-0.7260742	0.16442871	-0.062042236	0.3269043	0.06549072	0.081970215
-0.72216797	0.19274902	-0.036834717	0.34057617	0.10211182	0.06323242
-0.69628906	0.24914551	-0.005279541	0.28588867	0.09851074	0.033355713
-0.7949219	0.23461914	-0.07800293	0.35327148	0.08062744	0.041015625
-0.6538086	0.24438477	0.02330017	0.3190918	0.13305664	0.04486084
-0.86083984	0.20739746	-0.10748291	0.328125	0.10601807	0.08306885
-0.6279297	0.3395996	0.026306152	0.2685547	0.17553711	-0.028198242
-0.72021484	0.18408203	-0.02557373	0.3449707	0.09777832	0.077697754
-0.7265625	0.23962402	-0.0011301041	0.33203125	0.066223145	0.043395996
-0.71728516	0.23400879	-0.01889038	0.31030273	0.097229004	0.027496338
-0.6850586	0.26586914	-0.026168823	0.30493164	0.12658691	0.039154053
-0.67626953	0.22973633	0.003818512	0.3334961	0.08807373	0.06317139
-0.6972656	0.24035645	0.00919342	0.33154297	0.10076904	0.06976318
-0.72802734	0.21435547	-0.03604126	0.34106445	0.1484375	0.039398193
-0.7084961	0.23693848	-0.08105469	0.34643555	0.055511475	0.072631836
-0.7011719	0.16772461	-0.0005226135	0.30639648	0.15039062	0.057891846
-0.62402344	0.33154297	0.020599365	0.3166504	0.17041016	-0.008796692
-0.7373047	0.24609375	-0.059265137	0.3347168	0.061584473	0.038879395
-0.71240234	0.22790527	0.011672974	0.31420898	0.13879395	0.06628418
-0.73291016	0.1953125	-0.0006766319	0.3322754	0.07849121	0.06756592
-0.58984375	0.33911133	0.07800293	0.31298828	0.21081543	0.01802063
-0.66259766	0.2746582	-0.09777832	0.33935547	0.038513184	0.025024414
-0.73535156	0.19165039	-0.03286743	0.33496094	0.097839355	0.06112671
-0.7011719	0.23486328	-0.041748047	0.30859375	0.12854004	0.060577393
-0.7602539	0.25268555	-0.13842773	0.359375	0.09515381	-0.024017334
-0.68115234	0.22680664	0.01234436	0.28857422	0.14538574	0.04309082
-0.6455078	0.29882812	0.052459717	0.29370117	0.18225098	-0.017181396
-0.6748047	0.22253418	-0.0069732666	0.2697754	0.12512207	0.017623901
-0.7597656	0.22106934	-0.005836487	0.31274414	0.09777832	0.03552246
-0.71484375	0.29467773	-0.01889038	0.32177734	0.09307861	0.02708435
-0.7573242	0.24304199	-0.03274536	0.30419922	0.09503174	0.0044517517
-0.74365234	0.19165039	-0.030792236	0.31152344	0.05331421	0.049926758
-0.71972656	0.22094727	-0.036621094	0.3256836	0.06311035	0.06262207
-0.7133789	0.22009277	-0.05203247	0.33398438	0.07867432	0.060821533
-0.80908203	0.28393555	-0.07714844	0.33813477	0.08972168	0.012763977
-0.6801758	0.24768066	0.033721924	0.3293457	0.12158203	0.03326416
-0.7529297	0.24304199	-0.06262207	0.32641602	0.08300781	0.038635254
-0.6772461	0.23217773	-0.019332886	0.3166504	0.095581055	0.053009033
-0.67333984	0.21472168	-0.014831543	0.3137207	0.10925293	0.070739746
-0.7290039	0.2142334	-0.046173096	0.30200195	0.11004639	0.071777344
-0.7104492	0.22680664	-0.09539795	0.31347656	0.1126709	-0.0072288513
-0.61572266	0.29248047	0.0063819885	0.3227539	0.15466309	0.048858643
-0.7397461	0.21081543	-0.009376526	0.3137207	0.13244629	0.04260254
-0.7734375	0.25097656	-0.056915283	0.32617188	0.09655762	0.039642334
-0.7158203	0.20678711	-0.041137695	0.32543945	0.07562256	0.038208008
-0.7260742	0.21838379	-0.025299072	0.33032227	0.09106445	0.07720947
-0.7470703	0.21533203	-0.01939392	0.33862305	0.12237549	0.033843994
-0.7319336	0.18322754	-0.011451721	0.3059082	0.11206055	0.06793213
-0.61035156	0.27905273	0.0345459	0.2788086	0.14758301	0.030578613
-0.7026367	0.24072266	-0.047424316	0.3022461	0.084350586	-0.004802704
-0.6660156	0.19763184	-0.008018494	0.3100586	0.13989258	0.0647583
-0.6010742	0.28564453	0.031066895	0.26123047	0.14648438	0.050689697
-0.5810547	0.26953125	0.03866577	0.28955078	0.1628418	0.049865723
-0.7055664	0.22668457	-0.022491455	0.31298828	0.12805176	0.025375366
-0.6748047	0.2241211	-0.0012435913	0.31396484	0.16796875	0.065979004
-0.7324219	0.23840332	-0.05569458	0.31860352	0.08496094	0.018173218
-0.6958008	0.20861816	-0.023162842	0.31762695	0.08312988	0.045196533
-0.5991211	0.28320312	0.027069092	0.2919922	0.19348145	0.010978699
-0.6533203	0.24414062	0.0063476562	0.3166504	0.12585449	0.07775879
-0.7529297	0.20874023	-0.04574585	0.32617188	0.10058594	0.025497437
-0.74902344	0.17407227	-0.06100464	0.36523438	0.07495117	0.09814453
-0.7216797	0.24182129	-0.06707764	0.33862305	0.10900879	0.030715942
-0.6669922	0.2866211	0.021865845	0.29345703	0.15307617	0.021347046
-0.7290039	0.25805664	-0.03540039	0.32495117	0.10357666	0.02078247
-0.6147461	0.25	-0.011352539	0.27954102	0.16674805	0.05770874
-0.71533203	0.33154297	-0.06335449	0.33374023	0.21777344	0.0061798096
-0.67333984	0.21643066	-0.014564514	0.3005371	0.13122559	0.058624268
-0.7104492	0.22644043	-0.01965332	0.3059082	0.082092285	0.04852295
-0.6772461	0.27954102	-0.044677734	0.32714844	0.08703613	0.0063056946
-0.6845703	0.22949219	-0.07470703	0.31591797	0.07141113	0.06964111
-0.6948242	0.22814941	0.008361816	0.28979492	0.11682129	0.031982422
-0.6821289	0.23474121	-0.024963379	0.2927246	0.108947754	0.050109863
-0.7758789	0.27685547	-0.00907135	0.31811523	0.10913086	0.027908325
-0.7578125	0.18457031	-0.077697754	0.34594727	0.08721924	0.06561279
-0.56933594	0.2890625	0.056549072	0.31640625	0.21984863	0.035949707
-0.6171875	0.30444336	0.03643799	0.26660156	0.12261963	0.010223389
-0.62597656	0.24084473	0.0068206787	0.27490234	0.17480469	0.051849365
-0.7714844	0.16418457	-0.03277588	0.3215332	0.081604004	0.08380127
-0.6489258	0.21325684	0.026321411	0.28466797	0.1821289	0.053466797
-0.7626953	0.21862793	-0.016647339	0.35424805	0.12646484	0.04660034
-0.74121094	0.16967773	-0.06945801	0.33813477	0.06793213	0.07757568
-0.77197266	0.17895508	-0.06604004	0.36938477	0.057922363	0.095458984
-0.72558594	0.22290039	-0.026687622	0.31103516	0.072387695	0.041290283
-0.7714844	0.14575195	-0.027023315	0.36523438	0.056732178	0.08465576
-0.6669922	0.21386719	-0.003063202	0.27124023	0.13317871	0.051483154
-0.7290039	0.18591309	-0.051635742	0.33764648	0.07244873	0.07232666
-0.63671875	0.3095703	0.030670166	0.29345703	0.20373535	-0.0074386597
-0.74560547	0.21228027	-0.0025024414	0.33007812	0.06616211	0.047821045
-0.67871094	0.24487305	-0.014389038	0.32006836	0.0927124	0.061065674
-0.7470703	0.18273926	-0.080200195	0.3515625	0.11657715	0.028182983
-0.71533203	0.22314453	-0.020736694	0.31835938	0.06945801	0.051513672
-0.73583984	0.22143555	-0.024154663	0.34204102	0.097961426	0.08630371
-0.6977539	0.2631836	-0.03817749	0.31030273	0.15307617	0.022476196
-0.7446289	0.27807617	-0.034240723	0.31958008	0.08898926	0.01977539
-0.74560547	0.18811035	-0.047790527	0.3293457	0.09918213	0.08166504
-0.67285156	0.23120117	-0.0018777847	0.29345703	0.101745605	0.05783081
-0.69677734	0.23339844	-0.056518555	0.32885742	0.15075684	0.055664062
-0.7480469	0.2211914	-0.030960083	0.32250977	0.11102295	0.046295166
-0.72265625	0.20117188	-0.036956787	0.31884766	0.12841797	0.040649414
-0.6347656	0.2849121	0.014762878	0.27929688	0.13439941	0.060668945
-0.75146484	0.22961426	-0.048614502	0.34228516	0.11035156	0.057373047
-0.734375	0.20532227	-0.021575928	0.34106445	0.036956787	0.04486084
-0.6948242	0.22485352	-0.012496948	0.32592773	0.11395264	0.054138184
-0.7270508	0.22509766	-0.056152344	0.38671875	0.08862305	0.05911255
-0.7602539	0.17626953	-0.041900635	0.34350586	0.0847168	0.07507324
-0.6928711	0.23327637	0.01727295	0.28198242	0.10681152	0.023147583
-0.75927734	0.21643066	-0.053375244	0.31518555	0.05038452	0.030822754
-0.7519531	0.17150879	-0.023666382	0.30639648	0.1026001	0.050445557
-0.69921875	0.24084473	-0.015792847	0.31274414	0.09387207	0.06329346
-0.69873047	0.26049805	0.010231018	0.3083496	0.11248779	0.07348633
-0.69189453	0.1862793	-0.037506104	0.32592773	0.07836914	0.0758667
-0.7060547	0.22436523	-0.036102295	0.34399414	0.099731445	0.050842285
-0.7402344	0.19384766	-0.026046753	0.31103516	0.09851074	0.0023155212
-0.74853516	0.21923828	-0.06427002	0.34521484	0.09161377	0.038879395
-0.65527344	0.2770996	-0.011497498	0.28173828	0.115112305	0.010864258
-0.7475586	0.19567871	-0.054351807	0.33935547	0.06149292	0.08117676
-0.71972656	0.1932373	-0.021743774	0.31958008	0.0758667	0.085510254
-0.69628906	0.18151855	-0.015960693	0.28759766	0.10412598	0.04824829
-0.6953125	0.21435547	0.0007019043	0.28857422	0.12536621	0.02116394
-0.6972656	0.22814941	-0.022766113	0.29418945	0.08746338	0.048187256
-0.61083984	0.2734375	0.02468872	0.29223633	0.15112305	0.045288086
-0.6894531	0.22314453	-0.051605225	0.31982422	0.08496094	0.06707764
-0.7182617	0.2211914	-0.03616333	0.31762695	0.08807373	0.061950684
-0.7211914	0.21887207	-0.024459839	0.34057617	0.07147217	0.067871094
-0.7133789	0.2055664	-0.048919678	0.3251953	0.11773682	0.07281494
-0.7783203	0.23608398	-0.12219238	0.32543945	0.12408447	-0.023452759
-0.7324219	0.25195312	-0.017715454	0.3227539	0.08062744	0.011192322
-0.7285156	0.1809082	-0.038909912	0.3395996	0.07366943	0.0869751
-0.70996094	0.18200684	0.0059280396	0.27514648	0.15307617	0.0357666
-0.71777344	0.2697754	-0.092163086	0.3095703	0.13757324	0.025238037
-0.59521484	0.31298828	0.038391113	0.29492188	0.18444824	4.839897e-05
-0.5991211	0.3449707	0.059570312	0.2902832	0.18310547	-0.041870117
-0.60253906	0.24914551	0.015655518	0.27416992	0.16271973	0.052734375
-0.671875	0.21313477	0.012741089	0.31396484	0.11376953	0.036071777
-0.7109375	0.22143555	0.015258789	0.27490234	0.13391113	0.026519775
-0.6464844	0.19445801	-0.045837402	0.31347656	0.107543945	0.08190918
-0.62353516	0.2956543	0.05126953	0.28979492	0.22485352	0.006439209
-0.7104492	0.2076416	-0.007091522	0.31274414	0.105163574	0.06298828
-0.6845703	0.26586914	-0.00818634	0.3154297	0.10839844	0.039489746
-0.70410156	0.18847656	-0.017486572	0.32666016	0.09436035	0.072143555
-0.6640625	0.21240234	-0.056488037	0.28173828	0.105163574	0.06536865
-0.6875	0.19909668	-0.0446167	0.32958984	0.09625244	0.06173706
-0.7138672	0.23400879	-0.036468506	0.3239746	0.076049805	0.06921387
-0.61083984	0.29614258	0.021972656	0.29638672	0.14465332	0.051483154
-0.6357422	0.31958008	-0.015434265	0.27856445	0.1673584	-0.026062012
-0.74072266	0.1899414	-0.05029297	0.30200195	0.078552246	0.01914978
-0.69433594	0.18640137	-0.028076172	0.28759766	0.10882568	0.04711914
-0.7011719	0.2524414	-0.05770874	0.27978516	0.12780762	-0.072021484
-0.77490234	0.16882324	-0.13269043	0.35180664	0.08203125	0.042175293
-0.69873047	0.24108887	-0.061767578	0.3149414	0.09106445	0.01486969
-0.6274414	0.23864746	0.028137207	0.31152344	0.20275879	0.06112671
-0.71777344	0.2088623	-0.0602417	0.31201172	0.08239746	0.053619385
-0.7319336	0.20922852	-0.08258057	0.3684082	0.064941406	0.038726807
-0.74365234	0.16589355	-0.028259277	0.33422852	0.10223389	0.04156494
-0.6748047	0.22424316	-0.0027580261	0.31982422	0.12561035	0.06359863
-0.70703125	0.2454834	-0.046142578	0.3371582	0.068359375	0.05130005
-0.6953125	0.21838379	-0.010765076	0.33374023	0.11364746	0.06774902
-0.77734375	0.19262695	-0.019332886	0.30981445	0.07519531	0.036621094
-0.7626953	0.1842041	-0.11981201	0.40405273	0.05255127	0.07763672
-0.7080078	0.2241211	-0.07348633	0.30908203	0.12042236	0.042175293
-0.66064453	0.24353027	0.032318115	0.3076172	0.1451416	0.045562744
-0.6538086	0.23718262	0.02708435	0.28222656	0.117370605	0.035583496
-0.7241211	0.21936035	-0.039489746	0.32763672	0.061187744	0.048217773
-0.7084961	0.17541504	-0.02116394	0.29248047	0.09387207	0.062927246
-0.6899414	0.21496582	0.0079422	0.30395508	0.14562988	0.050750732
-0.62890625	0.26098633	-0.009773254	0.29296875	0.18359375	0.07897949
-0.78125	0.20581055	-0.060668945	0.34204102	0.08581543	0.046173096
-0.68408203	0.21875	-0.035003662	0.2890625	0.1149292	0.057800293
-0.72021484	0.1895752	-0.025421143	0.32055664	0.07989502	0.0579834
-0.73095703	0.23925781	-0.043945312	0.29663086	0.101257324	0.005176544
-0.7573242	0.26513672	-0.08062744	0.29638672	0.07904053	0.012557983
-0.8745117	0.29760742	-0.20263672	0.35888672	0.17565918	-0.10345459
-0.71875	0.21166992	-0.056030273	0.3461914	0.077941895	0.05331421
-0.68847656	0.25634766	0.013450623	0.2998047	0.099243164	0.03640747
-0.71875	0.22045898	-0.037322998	0.3178711	0.095458984	0.07507324
-0.80615234	0.16308594	-0.10681152	0.37768555	0.074157715	0.009414673
-0.63427734	0.29077148	0.046203613	0.3293457	0.19494629	0.00014972687
-0.7319336	0.26733398	-0.04949951	0.29345703	0.08129883	0.0107040405
-0.7114258	0.21704102	-0.010978699	0.31030273	0.107299805	0.040740967
-0.7392578	0.1986084	-0.03930664	0.32226562	0.10076904	0.04864502
-0.71972656	0.27001953	-0.04333496	0.3088379	0.1048584	0.04525757
-0.74316406	0.21459961	-0.011856079	0.34204102	0.073913574	0.028518677
-0.6899414	0.24133301	-0.0027103424	0.3071289	0.09295654	0.039886475
-0.7055664	0.19458008	-0.010246277	0.328125	0.122802734	0.061279297
-0.73583984	0.27246094	-0.05319214	0.3449707	0.05999756	0.0041656494
-0.75	0.22473145	-0.0059547424	0.31445312	0.10858154	0.017837524
-0.79833984	0.18945312	-0.056427002	0.36254883	0.0769043	0.061462402
-0.78564453	0.17089844	-0.055633545	0.3642578	0.043823242	0.034088135
-0.67529297	0.27124023	-0.002161026	0.34985352	0.07861328	0.056854248
-0.62597656	0.28759766	0.030761719	0.30322266	0.22460938	-0.002714157
-0.7158203	0.2854004	0.010597229	0.35595703	0.0680542	0.03765869
-0.72265625	0.21911621	-0.014633179	0.32836914	0.101989746	0.06439209
-0.5214844	0.32714844	0.0925293	0.2902832	0.21362305	0.036743164
-0.77197266	0.16223145	-0.07159424	0.3408203	0.060394287	0.071899414
-0.68896484	0.26586914	0.010551453	0.29101562	0.11773682	0.034088135
-0.7524414	0.30688477	-0.09460449	0.3269043	0.12878418	0.044158936
-0.7397461	0.16699219	-0.052764893	0.33642578	0.07861328	0.07678223
-0.7685547	0.24584961	-0.00035715103	0.33618164	0.08483887	0.031677246
-0.71435547	0.24804688	-0.0025310516	0.32226562	0.11401367	0.013397217
-0.7324219	0.16821289	-0.042053223	0.34204102	0.05026245	0.053863525
-0.72314453	0.19262695	-0.05029297	0.29589844	0.056610107	0.057891846
-0.7182617	0.2121582	-0.045837402	0.3059082	0.058807373	0.025726318
-0.75146484	0.25683594	-0.01626587	0.36645508	0.0925293	0.03564453
-0.7158203	0.28222656	-0.022262573	0.32592773	0.09088135	0.013946533
-0.69921875	0.26879883	-0.044281006	0.3215332	0.07354736	0.03164673
-0.75634766	0.2241211	-0.0713501	0.33129883	0.10662842	0.07128906
-0.7734375	0.18603516	0.001947403	0.3474121	0.088012695	0.044006348
-0.7495117	0.19152832	-0.075683594	0.32470703	0.0657959	0.05770874
-0.65185547	0.2529297	0.021484375	0.30517578	0.19470215	0.04220581
-0.70458984	0.2763672	-0.14367676	0.34838867	0.09857178	-0.01637268
-0.5805664	0.2939453	0.072387695	0.31762695	0.22875977	0.038635254
-0.72753906	0.25952148	0.011459351	0.3059082	0.12731934	0.020141602
-0.7451172	0.25976562	-0.015426636	0.34399414	0.08831787	0.042510986
-0.75097656	0.23217773	-0.10284424	0.37524414	0.14086914	-0.026947021
-0.74121094	0.22009277	-0.061065674	0.34033203	0.06378174	0.06555176
-0.81689453	0.21887207	-0.10241699	0.33789062	0.06311035	0.016098022
-0.7294922	0.22631836	-0.03024292	0.3400879	0.09197998	0.042114258
-0.7373047	0.20739746	-0.053344727	0.31689453	0.07470703	0.05545044
-0.76123047	0.22888184	-0.0011148453	0.31323242	0.10357666	0.012306213
-0.73583984	0.17907715	-0.042114258	0.33544922	0.08416748	0.055145264
-0.63720703	0.29467773	0.04046631	0.3251953	0.1998291	0.027664185
-0.7011719	0.21838379	0.014640808	0.3017578	0.12420654	0.020462036
-0.7558594	0.22399902	-0.020843506	0.34301758	0.070373535	0.07867432
-0.7363281	0.19396973	-0.011817932	0.31933594	0.0871582	0.059631348
-0.72021484	0.20935059	-0.014053345	0.32543945	0.06921387	0.08673096
-0.6977539	0.20666504	-0.048706055	0.33129883	0.115478516	0.08258057
-0.7207031	0.20739746	0.019592285	0.29882812	0.15283203	0.020889282
-0.6538086	0.28637695	0.04360962	0.2927246	0.15991211	0.015258789
-0.7636719	0.2142334	-0.030319214	0.33398438	0.12805176	0.030395508
-0.73535156	0.21740723	-0.010810852	0.31835938	0.12225342	0.057800293
-0.6088867	0.27392578	0.06915283	0.3059082	0.2097168	-0.0029830933
-0.79345703	0.22912598	-0.075683594	0.33203125	0.06713867	0.0440979
-0.6875	0.22143555	-0.02835083	0.31689453	0.10888672	0.06488037
-0.7783203	0.17504883	-0.054595947	0.33935547	0.054107666	0.06726074
-0.7084961	0.20263672	-0.03491211	0.34204102	0.064208984	0.081970215
-0.7451172	0.1875	-0.012191772	0.3293457	0.11236572	0.050811768
-0.5776367	0.28100586	0.08758545	0.31518555	0.23156738	0.0069122314
-0.72558594	0.22509766	-0.019973755	0.32617188	0.10119629	0.060668945
-0.6791992	0.2055664	-0.034820557	0.32983398	0.10900879	0.056427002
-0.7651367	0.17993164	-0.06604004	0.3466797	0.08270264	0.03677368
-0.76123047	0.19604492	-0.033172607	0.33325195	0.08972168	0.06500244
-0.76220703	0.25170898	-0.045654297	0.34570312	0.05908203	0.0048103333
-0.6230469	0.26611328	0.03262329	0.28930664	0.16894531	0.053710938
-0.65478516	0.2697754	0.052703857	0.2849121	0.13781738	0.009292603
-0.8647461	0.27075195	-0.10296631	0.38232422	0.13293457	0.015388489
-0.75634766	0.24401855	-0.017211914	0.33081055	0.06506348	0.048431396
-0.7758789	0.21203613	-0.03933716	0.35766602	0.089904785	0.046722412
-0.7104492	0.25634766	-0.043670654	0.31982422	0.103759766	0.02078247
-0.75927734	0.16601562	0.01360321	0.32373047	0.09423828	0.035095215
-0.7426758	0.21691895	-0.111083984	0.35595703	0.045196533	0.04586792
-0.7080078	0.23608398	-0.020401001	0.29370117	0.10864258	0.029022217
-0.77685547	0.2043457	-0.041259766	0.34960938	0.07849121	0.041168213
-0.72753906	0.2097168	-0.034820557	0.3173828	0.13317871	0.037261963
-0.7597656	0.20581055	-0.07550049	0.35620117	0.05569458	0.07080078
-0.7294922	0.3005371	-0.055786133	0.3173828	0.07476807	-0.02053833
-0.7158203	0.23999023	-0.015159607	0.31079102	0.12005615	0.040161133
-0.7109375	0.23388672	-0.0066070557	0.3359375	0.09448242	0.057281494
-0.73339844	0.2878418	-0.12054443	0.36621094	0.06329346	0.0059127808
-0.71435547	0.25024414	-0.015174866	0.29614258	0.09088135	0.046081543
-0.8041992	0.27294922	-0.13977051	0.30810547	0.18054199	-0.044311523
-0.8100586	0.22937012	-0.08929443	0.31640625	0.10797119	0.06585693
-0.73779297	0.17236328	-0.060943604	0.32470703	0.08190918	0.099121094
-0.76171875	0.20288086	-0.04837036	0.33398438	0.10882568	0.052337646
-0.74560547	0.20422363	-0.034576416	0.32202148	0.08154297	0.04525757
-0.75439453	0.20922852	0.020309448	0.32104492	0.08874512	0.041656494
-0.75439453	0.20178223	-0.041107178	0.33398438	0.11706543	0.08227539
-0.69140625	0.24194336	-0.03781128	0.31323242	0.12359619	0.063964844
-0.7426758	0.19567871	-0.07910156	0.36523438	0.048919678	0.06524658
-0.7138672	0.26342773	-0.033935547	0.3227539	0.09814453	0.03137207
-0.72314453	0.25024414	-0.0044784546	0.32885742	0.11022949	0.043701172
-0.7158203	0.20825195	-0.02619934	0.34399414	0.06689453	0.06713867
-0.7915039	0.25854492	-0.054260254	0.34301758	0.05758667	0.014053345
-0.7236328	0.21057129	-0.027923584	0.3413086	0.091430664	0.05505371
-0.7529297	0.24145508	-0.046875	0.36499023	0.10839844	0.032989502
-0.7114258	0.2109375	-0.05307007	0.32714844	0.08276367	0.05444336
-0.72509766	0.25024414	-0.042907715	0.32983398	0.0892334	0.028945923
-0.5942383	0.30493164	0.05319214	0.29638672	0.1763916	0.011108398
-0.71777344	0.23937988	-0.041168213	0.30737305	0.08496094	0.0069770813
-0.73876953	0.21435547	-0.067993164	0.3425293	0.046447754	0.06982422
-0.7265625	0.20300293	-0.018661499	0.3305664	0.07952881	0.06329346
-0.74365234	0.2163086	-0.072265625	0.3330078	0.083984375	0.045074463
-0.78515625	0.15026855	-0.03338623	0.3322754	0.08166504	0.07489014
-0.5810547	0.31811523	0.045532227	0.3088379	0.22314453	0.061431885
-0.74316406	0.1505127	-0.05117798	0.359375	0.06994629	0.035461426
-0.67578125	0.21032715	-0.10620117	0.30932617	0.08300781	0.062438965
-0.7246094	0.23266602	-0.019073486	0.31958008	0.08111572	0.053894043
-0.67626953	0.19299316	0.00566864	0.31762695	0.13928223	0.07281494
-0.8330078	0.24365234	-0.17053223	0.34277344	0.107177734	-0.059295654
-0.71972656	0.22583008	0.013885498	0.32226562	0.08660889	0.03805542
-0.7441406	0.17895508	-0.049591064	0.3178711	0.09210205	0.05682373
-0.7319336	0.19555664	-0.022094727	0.29077148	0.114746094	0.05053711
-0.7763672	0.16027832	-0.06555176	0.34301758	0.06530762	0.07196045
-0.76660156	0.1706543	-0.072143555	0.33618164	0.05886841	0.0670166
-0.71435547	0.25097656	-0.022277832	0.30395508	0.1427002	0.013511658
-0.7163086	0.20458984	-0.01763916	0.3010254	0.1270752	0.046325684
-0.73339844	0.18652344	-0.04309082	0.32348633	0.06665039	0.05126953
-0.7441406	0.24145508	-0.029571533	0.34155273	0.077941895	0.008300781
-0.6699219	0.25268555	0.0066947937	0.29248047	0.12780762	0.045562744
-0.73046875	0.20983887	-0.0748291	0.35766602	0.047332764	0.06506348
-0.7397461	0.21166992	-0.03793335	0.33203125	0.07269287	0.05596924
-0.76220703	0.22998047	-0.124572754	0.37304688	0.093322754	0.015083313
-0.7036133	0.24035645	-0.0024986267	0.3491211	0.06378174	0.061920166
-0.7338867	0.19787598	-0.040008545	0.32885742	0.07672119	0.06738281
-0.68359375	0.20336914	-0.008468628	0.28173828	0.113464355	0.05291748
-0.8251953	0.24182129	-0.0463562	0.3076172	0.09631348	-0.00036501884
-0.7373047	0.19067383	-0.0619812	0.3491211	0.05218506	0.05065918
-0.75390625	0.18444824	-0.04916382	0.35009766	0.070373535	0.08270264
-0.62646484	0.24401855	0.009635925	0.27490234	0.12585449	0.05886841
-0.63720703	0.25439453	0.021713257	0.2824707	0.16369629	0.03878784
-0.7182617	0.23291016	-0.015380859	0.30737305	0.101867676	0.02619934
-0.734375	0.24450684	-0.0020809174	0.32348633	0.07727051	0.047668457
-0.66552734	0.27807617	-0.0036811829	0.3088379	0.06829834	0.05117798
-0.67529297	0.2763672	0.0032234192	0.32080078	0.11315918	0.0513916
-0.73291016	0.16320801	-0.020629883	0.34448242	0.0960083	0.08013916
-0.83935547	0.24511719	-0.2277832	0.36254883	0.040802002	-0.00982666
-0.70214844	0.19665527	-0.037719727	0.33007812	0.07623291	0.06640625
-0.7138672	0.20166016	-0.023452759	0.3251953	0.095336914	0.05291748
-0.7270508	0.23498535	-0.0053977966	0.31445312	0.05734253	-0.0020580292
-0.7114258	0.23083496	-0.08868408	0.30273438	0.051361084	0.05215454
-0.7675781	0.2088623	-0.026412964	0.30688477	0.11047363	0.028213501
-0.56347656	0.27612305	0.07159424	0.3474121	0.22802734	0.030685425
-0.77734375	0.23510742	-0.06896973	0.31103516	0.095214844	0.049865723
-0.70947266	0.22106934	-0.05203247	0.3125	0.124938965	0.059173584
-0.69433594	0.2253418	-0.0137786865	0.3022461	0.088256836	0.012771606
-0.7050781	0.22961426	-0.009567261	0.30493164	0.09716797	0.02619934
-0.6879883	0.2043457	-0.034332275	0.32080078	0.07861328	0.078430176
-0.7475586	0.22045898	-0.062438965	0.32202148	0.10266113	0.02532959
-0.6279297	0.27905273	0.019683838	0.32006836	0.1809082	0.034484863
-0.6982422	0.28393555	-0.040771484	0.3161621	0.08660889	0.04736328
-0.7246094	0.22497559	-0.038513184	0.34985352	0.1038208	0.07647705
-0.8105469	0.2265625	-0.2064209	0.3425293	0.15808105	-0.087890625
-0.7558594	0.24121094	-0.06365967	0.28808594	0.07080078	0.0317688
-0.71972656	0.20654297	-0.038879395	0.30859375	0.07763672	0.034057617
-0.7763672	0.20983887	-0.10870361	0.34057617	0.034057617	0.028884888
-0.7758789	0.21032715	-0.031555176	0.3232422	0.051635742	0.034301758
-0.73876953	0.17590332	-0.030426025	0.33447266	0.059692383	0.08496094
-0.7558594	0.23168945	-0.080322266	0.3330078	0.05203247	0.056518555
-0.72216797	0.18554688	-0.036712646	0.30517578	0.10449219	0.06567383
-0.7451172	0.19042969	-0.07550049	0.31152344	0.07220459	0.047821045
-0.6899414	0.23535156	-0.016113281	0.3359375	0.10443115	0.06921387
-0.6665039	0.29052734	-0.022705078	0.31225586	0.16064453	0.0077819824
-0.7426758	0.1973877	-0.04788208	0.31958008	0.097595215	0.050109863
-0.59765625	0.25561523	0.03137207	0.30419922	0.1809082	0.074279785
-0.71240234	0.22717285	-0.002040863	0.2775879	0.09710693	0.033569336
-0.68652344	0.23449707	-0.029052734	0.29589844	0.1026001	0.040252686
-0.7519531	0.19799805	-0.032196045	0.3305664	0.07800293	0.05380249
-0.78271484	0.2064209	-0.011192322	0.3383789	0.08880615	0.059570312
-0.6665039	0.32080078	-0.038085938	0.25854492	0.14538574	0.03829956
-0.6772461	0.23913574	-0.05441284	0.3088379	0.093933105	0.08001709
-0.7182617	0.18969727	0.013366699	0.30541992	0.15625	0.05911255
-0.7519531	0.22143555	-0.014404297	0.32543945	0.08758545	0.04321289
-0.74902344	0.18615723	-0.03604126	0.34521484	0.072143555	0.05709839
-0.6772461	0.23571777	0.00041866302	0.32299805	0.097595215	0.029769897
-0.7348633	0.22485352	-0.048309326	0.33789062	0.07421875	0.036376953
-0.76416016	0.20349121	-0.039276123	0.32470703	0.07879639	0.07318115
-0.62890625	0.32421875	0.074035645	0.28198242	0.17102051	-0.0579834
-0.7504883	0.20239258	-0.05758667	0.33398438	0.08459473	0.039215088
-0.67529297	0.25073242	-0.005710602	0.28955078	0.12780762	0.042236328
-0.7260742	0.24768066	-0.026504517	0.31176758	0.11065674	-0.013999939
-0.7192383	0.3227539	-0.04144287	0.34570312	0.10821533	0.028274536
-0.75439453	0.3076172	-0.06945801	0.32592773	0.04159546	-0.004463196
-0.7636719	0.18566895	-0.07122803	0.3544922	0.07318115	0.065979004
-0.70654297	0.2052002	-0.027389526	0.3383789	0.10772705	0.084350586
-0.61035156	0.26416016	0.008003235	0.28295898	0.17053223	0.04953003
-0.69921875	0.21875	-0.020874023	0.3154297	0.06982422	0.07116699
-0.7392578	0.1973877	-0.022323608	0.3383789	0.047912598	0.062683105
-0.6845703	0.26782227	0.021697998	0.30395508	0.109680176	0.037506104
-0.67041016	0.24841309	-0.02810669	0.32470703	0.07562256	0.04928589
-0.6586914	0.25317383	0.023986816	0.28759766	0.15563965	0.0309906
-0.7109375	0.20727539	-0.07513428	0.3095703	0.070251465	0.06750488
-0.7524414	0.2685547	-0.03390503	0.36621094	0.08868408	0.03982544
-0.68066406	0.24951172	-0.0090789795	0.31079102	0.09454346	0.048431396
-0.7026367	0.2866211	-0.027282715	0.35351562	0.08984375	0.046051025
-0.72558594	0.23388672	-0.04626465	0.32543945	0.07470703	0.03363037
-0.79248047	0.17871094	-0.07208252	0.3647461	0.066589355	0.0848999
-0.62646484	0.26367188	0.04598999	0.28295898	0.21606445	0.023910522
-0.63623047	0.27905273	0.045959473	0.33422852	0.1821289	0.014060974
-0.7661133	0.20336914	-0.077819824	0.3322754	0.055480957	0.05026245
-0.79248047	0.14343262	-0.10699463	0.39916992	0.034729004	0.068115234
-0.6972656	0.23168945	-0.085632324	0.33911133	0.101257324	0.03427124
-0.6948242	0.21704102	-0.022216797	0.29296875	0.12164307	0.018310547
-0.6933594	0.22631836	-0.03704834	0.29589844	0.118896484	0.035827637
-0.6542969	0.23913574	-0.000831604	0.3010254	0.111694336	0.032104492
-0.76953125	0.15368652	-0.05899048	0.3552246	0.061828613	0.02760315
-0.63378906	0.23937988	0.009391785	0.26220703	0.16955566	0.027175903
-0.7573242	0.1850586	-0.023788452	0.32910156	0.09954834	0.018295288
-0.6040039	0.33374023	0.05441284	0.3083496	0.21142578	-0.015266418
-0.7089844	0.2553711	-0.045776367	0.33032227	0.08123779	0.0715332
-0.6875	0.26733398	-0.016784668	0.28759766	0.10925293	0.053741455
-0.74121094	0.20605469	-0.062927246	0.33154297	0.052368164	0.05682373
-0.70214844	0.18359375	-0.043914795	0.35253906	0.079833984	0.05328369
-0.6801758	0.24951172	0.01411438	0.32983398	0.1149292	0.027694702
-0.6230469	0.28979492	0.017578125	0.28833008	0.13684082	0.02658081
-0.6323242	0.21948242	0.019241333	0.30419922	0.15490723	0.04498291
-0.68115234	0.21374512	-0.014976501	0.3137207	0.107666016	0.0836792
-0.67285156	0.19299316	-0.011016846	0.3076172	0.09320068	0.07562256
-0.69091797	0.2244873	-0.0074806213	0.31933594	0.113342285	0.04208374
-0.60253906	0.2697754	0.039886475	0.27294922	0.1763916	0.036895752
-0.6123047	0.31347656	0.06781006	0.3125	0.16821289	-0.012809753
-0.7104492	0.24169922	-0.056549072	0.31762695	0.09069824	0.03857422
-0.7285156	0.1829834	-0.008560181	0.3046875	0.09851074	0.041656494
-0.7290039	0.1842041	-0.024917603	0.33764648	0.12005615	0.07470703
-0.56396484	0.30541992	0.105651855	0.29101562	0.22387695	0.0357666
-0.7416992	0.3088379	-0.06854248	0.35498047	0.09588623	0.04324341
-0.765625	0.19787598	-0.034179688	0.33007812	0.07733154	0.03982544
-0.7104492	0.2055664	-0.041015625	0.29614258	0.12719727	0.043029785
-0.7270508	0.23840332	-0.03842163	0.32592773	0.08459473	0.019088745
-0.79003906	0.12371826	-0.0713501	0.34960938	0.049957275	0.061920166
-0.6386719	0.28686523	0.032562256	0.2902832	0.1887207	0.029815674
-0.765625	0.25732422	-0.027740479	0.36547852	0.091552734	0.04647827
-0.71533203	0.1685791	-0.032226562	0.31396484	0.091430664	0.06201172
-0.74365234	0.19799805	-0.061187744	0.33666992	0.107543945	0.049743652
-0.68652344	0.25390625	-0.083618164	0.32470703	0.109375	0.009986877
-0.79248047	0.16491699	-0.035614014	0.36523438	0.07305908	0.06878662
-0.7729492	0.28930664	-0.0524292	0.39819336	0.054992676	0.050445557
-0.68359375	0.22631836	-0.019592285	0.27954102	0.12841797	0.039520264
-0.7402344	0.24121094	-0.04220581	0.30615234	0.044036865	0.029083252
-0.796875	0.22180176	-0.031402588	0.31933594	0.085876465	0.031021118
-0.5214844	0.3190918	0.07824707	0.27954102	0.2064209	0.005290985
-0.61035156	0.2446289	0.01966858	0.27124023	0.15844727	0.05807495
-0.7216797	0.22497559	-0.03967285	0.32495117	0.061401367	0.07067871
-0.63916016	0.24584961	0.031204224	0.26611328	0.1640625	0.021728516
-0.78027344	0.24926758	-0.10675049	0.31225586	0.07446289	0.06689453
-0.66015625	0.20507812	-0.0037727356	0.28344727	0.13964844	0.05480957
-0.5942383	0.28637695	0.037109375	0.33374023	0.20715332	0.06262207
-0.6923828	0.28076172	-0.10070801	0.33764648	0.06738281	0.002653122
-0.72314453	0.24316406	0.021835327	0.32348633	0.09741211	0.04663086
-0.73583984	0.1953125	-0.043029785	0.34838867	0.078430176	0.08996582
-0.6386719	0.28955078	0.05657959	0.30078125	0.16125488	0.025405884
-0.61279297	0.34472656	0.06903076	0.31958008	0.18041992	0.027496338
-0.69970703	0.22143555	0.0048599243	0.3154297	0.08905029	0.031677246
-0.7294922	0.32006836	-0.0892334	0.32763672	0.0637207	0.029006958
-0.70166016	0.22314453	-0.017654419	0.33544922	0.10424805	0.06982422
-0.73095703	0.2019043	-0.043182373	0.3540039	0.05657959	0.07733154
-0.74121094	0.23168945	-0.06994629	0.31323242	0.11419678	0.036132812
-0.6230469	0.23547363	0.0101623535	0.28930664	0.1628418	0.07397461
-0.69628906	0.2783203	-0.035461426	0.33203125	0.13244629	0.0031166077
-0.69873047	0.2553711	-0.015144348	0.3161621	0.068359375	0.05267334
-0.77978516	0.20507812	-0.031402588	0.33618164	0.039489746	0.035888672
-0.6328125	0.25878906	0.0051727295	0.30688477	0.10827637	0.06951904
-0.66845703	0.31323242	-0.089660645	0.29541016	0.12792969	0.0022659302
-0.7036133	0.19799805	-0.021270752	0.33691406	0.10241699	0.08343506
-0.7529297	0.17297363	-0.07623291	0.35498047	0.052947998	0.05014038
-0.6381836	0.25512695	0.0079574585	0.28833008	0.12817383	0.05783081
-0.72021484	0.20324707	-0.046875	0.34423828	0.07562256	0.03942871
-0.72509766	0.24914551	-0.09454346	0.32836914	0.15197754	0.014343262
-0.73779297	0.23120117	-0.017105103	0.33911133	0.08129883	0.038360596
-0.6303711	0.3227539	0.04095459	0.2915039	0.1619873	0.01914978
-0.72753906	0.19958496	-0.061157227	0.35107422	0.07891846	0.062408447
-0.7578125	0.23583984	-0.029037476	0.33642578	0.049987793	0.02507019
-0.6791992	0.20935059	-0.017623901	0.32006836	0.11425781	0.05960083
-0.70947266	0.21484375	-0.05038452	0.32495117	0.09295654	0.0657959
-0.7055664	0.21325684	-0.05026245	0.3581543	0.06842041	0.072509766
-0.73291016	0.1772461	-0.070495605	0.3527832	0.06365967	0.07684326
-0.61621094	0.2446289	0.0041885376	0.28222656	0.16088867	0.03918457
-0.6767578	0.2376709	-0.016845703	0.3034668	0.09069824	0.03753662
-0.76416016	0.20178223	-0.022705078	0.31030273	0.09777832	0.04888916
-0.7446289	0.21789551	-0.051971436	0.29248047	0.08294678	0.04159546
-0.7036133	0.18188477	-0.046020508	0.31103516	0.068481445	0.059326172
-0.73535156	0.2133789	-0.041809082	0.31860352	0.12561035	0.024536133
-0.70214844	0.18359375	-0.020233154	0.32983398	0.093811035	0.06506348
-0.71191406	0.25146484	-0.021560669	0.3190918	0.07849121	0.047576904
-0.69140625	0.21838379	-0.029190063	0.34179688	0.09625244	0.062438965
-0.75634766	0.20568848	-0.036376953	0.32958984	0.08380127	0.076049805
-0.6230469	0.25024414	-0.013061523	0.29248047	0.15795898	0.057281494
-0.6826172	0.23242188	-0.027008057	0.31811523	0.10510254	0.036621094
-0.56103516	0.30419922	0.074401855	0.30249023	0.17529297	0.04724121
-0.7285156	0.20654297	-0.05203247	0.31811523	0.115356445	0.06274414
-0.5834961	0.28735352	0.064208984	0.3059082	0.19628906	0.062805176
-0.6303711	0.32495117	0.014709473	0.29663086	0.12298584	0.039794922
-0.6875	0.25048828	0.012336731	0.32763672	0.11273193	0.015304565
-0.68408203	0.20825195	-0.016677856	0.2927246	0.10900879	0.056793213
-0.6801758	0.23718262	-0.002445221	0.30810547	0.12536621	0.06793213
-0.6171875	0.3330078	0.026824951	0.30004883	0.17626953	-0.0010032654
-0.69873047	0.22509766	-0.001865387	0.3383789	0.08691406	0.083984375
-0.6953125	0.23840332	-0.015281677	0.29077148	0.12780762	0.022384644
-0.67333984	0.27075195	-0.0009598732	0.32788086	0.12359619	0.043151855
-0.60498047	0.24365234	0.040863037	0.31762695	0.22937012	0.02394104
-0.74316406	0.20983887	-0.05847168	0.32910156	0.08441162	0.06561279
-0.6738281	0.21008301	-0.050598145	0.30517578	0.1138916	0.07171631
-0.77734375	0.23010254	-0.06500244	0.32763672	0.08874512	-0.007820129
-0.6333008	0.27246094	-0.15234375	0.33398438	0.16918945	-0.059936523
-0.69921875	0.21411133	-0.030822754	0.3100586	0.10626221	0.051818848
-0.70214844	0.20288086	-0.04046631	0.32348633	0.10571289	0.052856445
-0.70458984	0.2006836	-0.018341064	0.28466797	0.09875488	0.043701172
-0.6640625	0.265625	0.01361084	0.30737305	0.11468506	0.019470215
-0.7207031	0.21191406	-0.025390625	0.3178711	0.10858154	0.02684021
-0.74609375	0.18395996	-0.046447754	0.32495117	0.079956055	0.050994873
-0.6191406	0.26733398	-0.0010595322	0.29467773	0.15515137	0.060180664
-0.74316406	0.19580078	-0.039978027	0.3720703	0.08306885	0.048583984
-0.5439453	0.3413086	0.046417236	0.3005371	0.23095703	0.018463135
-0.6665039	0.26245117	0.0047950745	0.30664062	0.14978027	0.06896973
-0.75097656	0.24279785	-0.014282227	0.32763672	0.06768799	0.048431396
-0.8730469	0.06161499	-0.08178711	0.41845703	0.025054932	0.05215454
-0.71875	0.22546387	-0.022476196	0.3166504	0.06793213	0.02305603
-0.7163086	0.20458984	-0.002817154	0.3046875	0.1116333	0.054016113
-0.73291016	0.22644043	-0.05731201	0.37963867	0.051635742	0.07006836
-0.69921875	0.17822266	-0.024993896	0.29296875	0.10015869	0.066467285
-0.6269531	0.30664062	0.06439209	0.31347656	0.23913574	-0.053100586
-0.7519531	0.21105957	-0.08001709	0.34057617	0.08239746	0.046295166
-0.7026367	0.2524414	-0.030960083	0.30004883	0.10412598	0.03857422
-0.72509766	0.19506836	-0.036315918	0.31445312	0.10107422	0.03817749
-0.7192383	0.22888184	-0.027435303	0.3215332	0.103027344	0.040924072
-0.5708008	0.26879883	0.06008911	0.2709961	0.20776367	0.023605347
-0.734375	0.20593262	-0.0010919571	0.30932617	0.119262695	0.054626465
-0.5883789	0.28881836	0.02949524	0.31323242	0.16955566	0.075805664
-0.6928711	0.18591309	-0.02180481	0.2980957	0.12976074	0.048187256
-0.7578125	0.19348145	-0.069885254	0.34570312	0.09460449	0.068237305
-0.7192383	0.20690918	-0.032196045	0.3449707	0.052886963	0.06323242
-0.8198242	0.22399902	-0.07611084	0.34399414	0.08947754	0.06036377
-0.7578125	0.20385742	-0.025619507	0.33935547	0.08087158	0.062683105
-0.6640625	0.21240234	-0.030181885	0.3076172	0.11199951	0.066589355
-0.81152344	0.29882812	-0.10797119	0.2980957	0.15856934	-0.04486084
-0.734375	0.21520996	-0.026367188	0.2993164	0.0848999	0.046813965
-0.71728516	0.23547363	-0.033996582	0.33544922	0.10687256	0.062469482
-0.7792969	0.15808105	-0.07019043	0.36767578	0.03945923	0.061309814
-0.6401367	0.39453125	0.013252258	0.33935547	0.16308594	0.020431519
-0.73876953	0.26367188	0.025039673	0.34521484	0.1026001	0.048034668
-0.7421875	0.26831055	-0.031280518	0.33203125	0.14099121	0.034332275
-0.7734375	0.24035645	-0.10089111	0.36499023	0.07946777	0.00057792664
-0.7260742	0.19580078	-0.010551453	0.3173828	0.08996582	0.066223145
-0.7348633	0.20056152	-0.014556885	0.3239746	0.08996582	0.082214355
-0.70751953	0.22949219	-0.02204895	0.2939453	0.12176514	0.025299072
-0.6430664	0.25024414	0.018295288	0.2956543	0.18725586	0.02861023
-0.7421875	0.24255371	-0.02053833	0.3305664	0.11669922	0.054901123
-0.68847656	0.23510742	-0.016830444	0.30444336	0.109069824	0.047088623
-0.7348633	0.25219727	-0.032287598	0.33911133	0.08648682	0.03152466
-0.73828125	0.22460938	-0.0155181885	0.3046875	0.10467529	0.0524292
-0.73095703	0.2401123	-0.03955078	0.32592773	0.05319214	0.08319092
-0.7451172	0.22045898	-0.023620605	0.3269043	0.08685303	0.056884766
-0.72265625	0.23596191	-0.0012712479	0.3239746	0.0725708	0.057678223
-0.64990234	0.20178223	0.0053710938	0.27929688	0.12597656	0.057800293
-0.66503906	0.29833984	0.012573242	0.31225586	0.14025879	0.04296875
-0.7026367	0.24780273	-0.030838013	0.3684082	0.035491943	0.048461914
-0.81591797	0.1940918	-0.08178711	0.3178711	0.109436035	0.038330078
-0.7163086	0.17602539	-0.019226074	0.29174805	0.10736084	0.07446289
-0.7163086	0.22070312	-0.008888245	0.31689453	0.13305664	0.054748535
-0.8076172	0.23132324	-0.14428711	0.3581543	0.07922363	0.029708862
-0.68066406	0.23706055	0.010192871	0.3161621	0.1149292	0.03970337
-0.7216797	0.1817627	-0.018112183	0.31420898	0.14050293	0.07495117
-0.7241211	0.20935059	-0.03970337	0.3256836	0.076416016	0.057006836
-0.7265625	0.2376709	-0.03338623	0.35424805	0.07800293	0.070373535
-0.68115234	0.21154785	0.005619049	0.29125977	0.13049316	0.043823242
-0.6977539	0.23547363	-0.03286743	0.3251953	0.086364746	0.08190918
-0.5966797	0.2932129	0.051239014	0.3076172	0.20373535	-0.00061893463
-0.671875	0.23242188	-0.022155762	0.28930664	0.121398926	0.06341553
-0.7685547	0.23071289	-0.050445557	0.32739258	0.05569458	0.043945312
-0.73876953	0.32104492	0.021972656	0.3486328	0.125	0.011009216
-0.73339844	0.25	-0.05126953	0.32373047	0.07043457	0.041809082
-0.76904297	0.23742676	0.00080156326	0.34570312	0.09667969	0.038146973
-0.75439453	0.19689941	-0.03225708	0.34838867	0.06585693	0.08258057
-0.6381836	0.2442627	0.06085205	0.29785156	0.19702148	0.015457153
-0.7114258	0.20275879	-0.05267334	0.3400879	0.08795166	0.04257202
-0.7895508	0.21789551	-0.06707764	0.33935547	0.060302734	0.078186035
-0.6948242	0.18286133	-0.06414795	0.34057617	0.076171875	0.06781006
-0.5888672	0.30371094	0.060668945	0.31518555	0.14404297	0.013183594
-0.74853516	0.1932373	-0.006290436	0.33764648	0.10803223	0.0703125
-0.57958984	0.31713867	0.023391724	0.28979492	0.20996094	0.012779236
-0.76953125	0.19628906	-0.03564453	0.32226562	0.10412598	0.06298828
-0.7006836	0.28515625	-0.050628662	0.3630371	0.10546875	0.053131104
-0.7265625	0.20410156	-0.008399963	0.33276367	0.11047363	0.047302246
-0.8041992	0.26464844	-0.11834717	0.3413086	0.048034668	-0.028640747
-0.78759766	0.18017578	-0.045043945	0.33740234	0.06774902	0.04498291
-0.6845703	0.22241211	-0.011054993	0.2836914	0.11505127	0.056793213
-0.7265625	0.1977539	-0.019363403	0.32788086	0.10852051	0.0574646
-0.7421875	0.19836426	-0.053741455	0.33081055	0.09741211	0.0637207
-0.7685547	0.18188477	-0.048858643	0.3330078	0.08093262	0.08312988
-0.85302734	0.2319336	-0.22009277	0.34448242	0.14929199	-0.09020996
-0.7578125	0.1977539	-0.038269043	0.31152344	0.06213379	0.014289856
-0.75146484	0.19873047	-0.025253296	0.32080078	0.08630371	0.04727173
-0.6953125	0.22131348	0.0048980713	0.28808594	0.13342285	0.034484863
-0.7285156	0.2142334	-0.019622803	0.30541992	0.101135254	0.042907715
-0.7441406	0.21887207	-0.006790161	0.31347656	0.101257324	0.031799316
-0.73876953	0.18774414	-0.05758667	0.31054688	0.09136963	0.066467285
-0.73828125	0.22167969	-0.020141602	0.3544922	0.06201172	0.064086914
-0.77441406	0.2220459	-0.044158936	0.32958984	0.07775879	0.03744507
-0.68603516	0.28051758	-0.013038635	0.28173828	0.111328125	0.035095215
-0.7836914	0.21362305	0.00617218	0.31152344	0.11212158	0.044067383
-0.72558594	0.22888184	-0.0061683655	0.3371582	0.074401855	0.07281494
-0.59521484	0.29882812	0.040771484	0.31420898	0.21203613	0.011436462
-0.75439453	0.19995117	-0.043029785	0.35131836	0.06616211	0.05960083
-0.5913086	0.33032227	0.03729248	0.28442383	0.20666504	0.0024986267
-0.65722656	0.31201172	-0.041992188	0.33911133	0.13342285	0.059417725
-0.55322266	0.265625	0.07299805	0.2890625	0.24816895	0.029800415
-0.61328125	0.35668945	0.05166626	0.30419922	0.25854492	-0.032714844
-0.6069336	0.27124023	0.016204834	0.27514648	0.14501953	0.06112671
-0.7270508	0.23498535	-0.02458191	0.33666992	0.11456299	0.06573486
-0.7373047	0.17138672	-0.07128906	0.3540039	0.072631836	0.06561279
-0.69433594	0.23937988	0.0019197464	0.28100586	0.12322998	0.020263672
-0.7470703	0.1965332	-0.050811768	0.34448242	0.076416016	0.07489014
-0.75683594	0.23413086	-0.09765625	0.3317871	0.05819702	0.041137695
-0.7050781	0.2446289	-0.024398804	0.31958008	0.117248535	0.05178833
-0.76953125	0.26245117	-0.068847656	0.28222656	0.117370605	-0.012168884
-0.7607422	0.27856445	-0.079956055	0.359375	0.099975586	0.035064697
-0.7866211	0.17578125	-0.056793213	0.37695312	0.045013428	0.078125
-0.7792969	0.18969727	-0.04473877	0.39160156	0.074401855	0.09832764
-0.7910156	0.2220459	-0.06530762	0.3088379	0.107910156	0.0066223145
-0.7314453	0.20568848	-0.050811768	0.3400879	0.109558105	0.07122803
-0.7558594	0.22009277	-0.02456665	0.35546875	0.0836792	0.06890869
-0.74121094	0.21557617	-0.040924072	0.34887695	0.09020996	0.061920166
-0.7182617	0.17358398	-0.038116455	0.3491211	0.095947266	0.05657959
-0.8432617	0.27661133	-0.19396973	0.33911133	0.11834717	-0.11804199
-0.57666016	0.31811523	0.058807373	0.28027344	0.20751953	0.021713257
-0.7236328	0.22570801	-0.012252808	0.33520508	0.10479736	0.05718994
-0.7709961	0.2388916	-0.08453369	0.34472656	0.07171631	0.043182373
-0.7441406	0.21203613	-0.05279541	0.34350586	0.057403564	0.05493164
-0.6010742	0.31884766	0.020935059	0.25683594	0.17980957	0.043273926
-0.73291016	0.1821289	-0.058380127	0.31835938	0.077697754	0.07086182
-0.7792969	0.14465332	-0.059295654	0.34545898	0.04852295	0.07434082
-0.7290039	0.26660156	-0.085510254	0.29223633	0.10021973	0.010398865
-0.7207031	0.24719238	0.0014619827	0.31201172	0.09436035	0.029708862
-0.5131836	0.30444336	0.078308105	0.29589844	0.20056152	0.09326172
-0.7001953	0.2529297	-0.0051879883	0.33276367	0.10461426	0.066345215
-0.67626953	0.24633789	0.032836914	0.3022461	0.118774414	0.022567749
-0.5839844	0.29589844	0.07788086	0.28149414	0.20410156	-0.01550293
-0.80566406	0.24255371	-0.03955078	0.34423828	0.045776367	0.014518738
-0.76220703	0.25634766	-0.0904541	0.33813477	0.044525146	0.047729492
-0.7475586	0.22167969	-0.05419922	0.32177734	0.08062744	0.08288574
-0.7026367	0.20385742	-0.019500732	0.29907227	0.14404297	0.023742676
-0.74121094	0.18334961	-0.036468506	0.33447266	0.08081055	0.07373047
-0.58251953	0.30493164	0.04800415	0.28125	0.17712402	0.031036377
-0.7832031	0.17626953	-0.068725586	0.3647461	0.07244873	0.07751465
-0.70751953	0.1932373	-0.0064430237	0.34765625	0.09259033	0.07385254
-0.7495117	0.16699219	-0.06890869	0.34326172	0.09033203	0.044311523
-0.76708984	0.20666504	-0.03918457	0.33666992	0.08111572	0.06549072
-0.7661133	0.16674805	-0.07373047	0.35791016	0.04220581	0.07208252
-0.7207031	0.2878418	-0.019165039	0.30151367	0.062408447	0.06213379
-0.70654297	0.20788574	-0.034240723	0.32470703	0.09832764	0.06677246
-0.6894531	0.21948242	-0.02470398	0.27807617	0.11419678	0.04888916
-0.6254883	0.2565918	0.039398193	0.28857422	0.15734863	0.028717041
-0.6386719	0.3540039	-0.049346924	0.29248047	0.1239624	0.016738892
-0.73828125	0.20751953	-0.00724411	0.34033203	0.08392334	0.052703857
-0.6723633	0.25683594	-0.05682373	0.31152344	0.16064453	-0.009727478
-0.7348633	0.18908691	-0.03878784	0.33666992	0.07714844	0.064453125
-0.7368164	0.21594238	-0.053222656	0.3076172	0.06591797	0.034332275
-0.72216797	0.2479248	-0.006729126	0.3461914	0.06097412	0.055725098
-0.72021484	0.18859863	-0.0385437	0.30786133	0.10247803	0.074523926
-0.6953125	0.2220459	-0.003458023	0.33618164	0.14050293	0.0690918
-0.6933594	0.23034668	-0.036224365	0.3203125	0.13476562	0.031173706
-0.7265625	0.25073242	-0.013175964	0.32910156	0.11029053	0.023757935
-0.7636719	0.1505127	-0.028198242	0.33398438	0.08105469	0.07922363
-0.7402344	0.24035645	-0.026000977	0.31762695	0.09063721	0.04324341
-0.70947266	0.19995117	0.032470703	0.28979492	0.15368652	0.009056091
-0.7675781	0.19824219	-0.07067871	0.33544922	0.06890869	0.050689697
-0.66503906	0.28686523	0.012138367	0.2705078	0.095458984	0.024780273
-0.62158203	0.2454834	0.015541077	0.27026367	0.1394043	0.044708252
-0.7246094	0.23071289	-0.03363037	0.31347656	0.09234619	0.030410767
-0.6074219	0.26757812	0.038360596	0.3076172	0.14672852	0.03994751
-0.7246094	0.2536621	-0.012359619	0.30664062	0.07092285	0.03692627
-0.6928711	0.21264648	-0.012161255	0.3112793	0.095581055	0.02520752
-0.69628906	0.23583984	0.014045715	0.27539062	0.11645508	0.01902771
-0.74560547	0.2902832	-0.08062744	0.3173828	0.072631836	-0.024856567
-0.77001953	0.25170898	-0.06286621	0.32983398	0.10736084	-0.0052452087
-0.73583984	0.20117188	-0.04937744	0.33374023	0.0949707	0.05014038
-0.6953125	0.27661133	0.005908966	0.29711914	0.083984375	-0.001039505
-0.7373047	0.22705078	-0.049072266	0.3022461	0.0736084	0.0042266846
-0.7519531	0.22229004	-0.046966553	0.38305664	0.048095703	0.06689453
-0.79052734	0.29663086	-0.08666992	0.3305664	0.092041016	-0.015823364
-0.5776367	0.33154297	0.06298828	0.2763672	0.2265625	-0.037200928
-0.6894531	0.2175293	-0.0054855347	0.31103516	0.097717285	0.048919678
-0.65527344	0.30078125	0.008743286	0.30737305	0.1640625	0.028182983
-0.765625	0.18811035	-0.064453125	0.38867188	0.039886475	0.05529785
-0.7338867	0.22692871	-0.059265137	0.32421875	0.08709717	0.02381897
-0.71777344	0.22814941	-0.002483368	0.3149414	0.11444092	0.036895752
-0.7001953	0.23583984	-0.052734375	0.29638672	0.10614014	0.043121338
-0.54345703	0.30249023	0.04336548	0.3232422	0.2590332	-0.007068634
-0.7026367	0.20410156	-0.046661377	0.28393555	0.105529785	0.047454834
-0.75390625	0.19335938	-0.0010004044	0.3371582	0.088256836	0.038604736
-0.71777344	0.19580078	-0.038482666	0.31420898	0.08081055	0.07879639
-0.7084961	0.2133789	-0.011428833	0.3083496	0.103881836	0.062438965
-0.60058594	0.27929688	0.06341553	0.3112793	0.17858887	0.019302368
-0.65722656	0.25097656	0.003238678	0.33007812	0.10095215	0.049713135
-0.7524414	0.18896484	0.02494812	0.31933594	0.09033203	0.03857422
-0.70654297	0.24597168	-0.008033752	0.3149414	0.08300781	0.06048584
-0.7241211	0.21948242	-0.01109314	0.30908203	0.10870361	0.05505371
-0.63427734	0.3215332	-0.0019102097	0.3251953	0.19726562	0.012062073
-0.71972656	0.22753906	0.0034275055	0.32885742	0.08294678	0.05340576
-0.7109375	0.25317383	-0.029815674	0.3330078	0.099121094	0.0029506683
-0.6616211	0.2746582	-0.04727173	0.3022461	0.10235596	0.035186768
-0.74560547	0.20666504	-0.0579834	0.33642578	0.068725586	0.05267334
-0.7338867	0.27026367	-0.088378906	0.28320312	0.10803223	-0.039367676
-0.6611328	0.16821289	-0.034606934	0.27368164	0.0814209	0.051116943
-0.69873047	0.26049805	0.02532959	0.3076172	0.114746094	0.03439331
-0.6201172	0.29077148	0.036743164	0.28808594	0.19885254	0.046691895
-0.69873047	0.22631836	-0.02267456	0.2932129	0.111572266	0.06640625
-0.73828125	0.18640137	-0.029724121	0.30981445	0.108947754	0.05709839
-0.68408203	0.20861816	-0.015838623	0.29467773	0.10498047	0.046661377
-0.74316406	0.2680664	-0.12322998	0.35546875	0.085510254	0.037628174
-0.8051758	0.27612305	-0.17102051	0.31152344	0.18078613	-0.11016846
-0.73779297	0.24621582	-0.035827637	0.35083008	0.078125	0.04925537
-0.6953125	0.18408203	-0.033721924	0.31201172	0.10827637	0.07110596
-0.69921875	0.2055664	0.011047363	0.27563477	0.117370605	0.011512756
-0.70214844	0.22668457	-0.01272583	0.30419922	0.08660889	0.04525757
-0.7133789	0.20361328	-0.050689697	0.30004883	0.07849121	0.06341553
-0.7495117	0.21118164	-0.043182373	0.29833984	0.055725098	0.01473999
-0.7368164	0.24291992	-0.049713135	0.34521484	0.085876465	0.041503906
-0.7104492	0.21057129	-0.01739502	0.3095703	0.111206055	0.059173584
-0.6738281	0.20385742	-0.021972656	0.30419922	0.12237549	0.064086914
-0.7519531	0.23181152	-0.04736328	0.33081055	0.06414795	0.010635376
-0.58154297	0.31079102	0.040405273	0.2783203	0.20385742	-0.010108948
-0.7084961	0.20922852	-0.005935669	0.34106445	0.10235596	0.062164307
-0.6738281	0.23486328	-0.06488037	0.33813477	0.13708496	0.019348145
-0.78125	0.18920898	-0.038146973	0.296875	0.09564209	0.0141067505
-0.71191406	0.2232666	-0.022354126	0.32836914	0.06903076	0.043792725
-0.69970703	0.22875977	-0.011627197	0.31103516	0.11254883	0.026626587
-0.7504883	0.19116211	-0.02545166	0.32128906	0.08343506	0.05041504
-0.7597656	0.20898438	-0.07196045	0.32714844	0.076416016	0.024459839
-0.67285156	0.19799805	-0.0060310364	0.29882812	0.10784912	0.04525757
-0.6958008	0.21716309	-0.032928467	0.3173828	0.095947266	0.07446289
-0.77685547	0.17553711	-0.06713867	0.35888672	0.051361084	0.053100586
-0.7426758	0.20629883	-0.015075684	0.3154297	0.11645508	0.05831909
-0.68310547	0.24987793	0.014930725	0.2956543	0.13464355	-0.015686035
-0.6899414	0.203125	-0.066467285	0.35375977	0.07537842	0.074645996
-0.7011719	0.24316406	-0.03756714	0.29345703	0.12054443	0.040039062
-0.57128906	0.31958008	0.08227539	0.30395508	0.22595215	-0.007408142
-0.59375	0.34472656	0.022079468	0.27734375	0.1850586	0.0028820038
-0.7675781	0.1809082	-0.05795288	0.37402344	0.06994629	0.08618164
-0.7788086	0.25146484	-0.036224365	0.3359375	0.064819336	0.027267456
-0.703125	0.24291992	-0.017044067	0.31835938	0.076171875	0.05126953
-0.50683594	0.36401367	0.097351074	0.30297852	0.21606445	0.011924744
-0.70751953	0.18762207	-0.07977295	0.3388672	0.036346436	0.044708252
-0.70703125	0.27563477	-0.050445557	0.31469727	0.09442139	-0.023086548
-0.7680664	0.29711914	-0.11553955	0.35009766	0.0362854	-0.032318115
-0.60009766	0.32617188	0.03363037	0.33154297	0.18200684	0.0023288727
-0.62890625	0.2626953	-0.031082153	0.2919922	0.1149292	0.07196045
-0.64208984	0.25390625	-0.007858276	0.29589844	0.113708496	0.015029907
-0.7368164	0.25952148	-0.0040740967	0.35205078	0.10070801	0.054779053
-0.6484375	0.2475586	-0.027923584	0.31103516	0.12164307	0.05569458
-0.72753906	0.21398926	-0.045898438	0.3293457	0.06329346	0.061279297
-0.6689453	0.22497559	0.012260437	0.29589844	0.123535156	0.049102783
-0.73535156	0.21374512	0.0038585663	0.34936523	0.11553955	0.0748291
-0.68359375	0.21240234	-0.033111572	0.35424805	0.07446289	0.07086182
-0.65771484	0.23486328	0.026794434	0.3034668	0.1451416	-0.0030918121
-0.78271484	0.18945312	-0.02986145	0.33691406	0.0826416	0.05078125
-0.72216797	0.20812988	-0.038635254	0.30200195	0.10369873	0.021774292
-0.77441406	0.17565918	-0.047546387	0.33691406	0.057861328	0.072021484
-0.73291016	0.22241211	-0.046661377	0.3395996	0.06542969	0.0859375
-0.6875	0.2524414	0.0010185242	0.29077148	0.1295166	0.050872803
-0.5673828	0.25146484	0.036834717	0.29467773	0.20019531	0.048431396
-0.69140625	0.24536133	0.006881714	0.28588867	0.10803223	0.043182373
-0.7060547	0.19335938	-0.01876831	0.31445312	0.075805664	0.061187744
-0.63671875	0.25610352	0.06311035	0.2866211	0.19995117	0.020095825
-0.6904297	0.2163086	-0.03338623	0.3232422	0.05154419	0.017562866
-0.7182617	0.19677734	-0.020996094	0.3083496	0.11608887	0.020629883
-0.65185547	0.23254395	0.010765076	0.2998047	0.14746094	0.055847168
-0.7163086	0.22705078	-0.0065574646	0.3581543	0.077819824	0.029876709
-0.7241211	0.2536621	-0.061340332	0.28051758	0.11224365	0.050354004
-0.71435547	0.20727539	-0.05166626	0.33789062	0.06112671	0.04824829
-0.578125	0.2512207	0.04046631	0.31420898	0.18981934	0.03894043
-0.7236328	0.25878906	-0.052001953	0.30810547	0.09411621	-0.015357971
-0.7167969	0.20507812	-0.011306763	0.3173828	0.08795166	0.04788208
-0.65527344	0.24377441	-0.006336212	0.3059082	0.11413574	0.05593872
-0.7988281	0.24536133	-0.10131836	0.31689453	0.20251465	-0.059753418
-0.703125	0.21069336	-0.025817871	0.30395508	0.08947754	0.029373169
-0.7558594	0.18359375	-0.035461426	0.35229492	0.07446289	0.08911133
-0.79052734	0.2142334	-0.12408447	0.32836914	0.0690918	0.022644043
-0.69970703	0.18408203	-0.019561768	0.32958984	0.10369873	0.06921387
-0.6850586	0.22644043	-0.006504059	0.3017578	0.10736084	0.0044517517
-0.73535156	0.23266602	-0.021560669	0.31054688	0.109802246	0.041381836
-0.7084961	0.2298584	-0.06842041	0.33642578	0.08337402	0.074645996
-0.78515625	0.25048828	-0.058563232	0.35473633	0.050750732	0.03503418
-0.6816406	0.22973633	-0.009552002	0.30419922	0.13598633	0.013282776
-0.73291016	0.21557617	-0.044647217	0.3400879	0.06488037	0.08294678
-0.7114258	0.17919922	-0.05026245	0.34545898	0.06951904	0.06384277
-0.55029297	0.38476562	0.05911255	0.3100586	0.19726562	-0.07098389
-0.78027344	0.20373535	-0.06121826	0.35620117	0.06707764	0.04562378
-0.6015625	0.3227539	0.054870605	0.32299805	0.17907715	0.003982544
-0.69091797	0.24182129	-0.002286911	0.31811523	0.119262695	0.03994751
-0.63378906	0.30639648	0.075805664	0.32006836	0.20751953	-0.0075302124
-0.6738281	0.3540039	-0.0014972687	0.29003906	0.16699219	-0.066711426
-0.7128906	0.21899414	-0.010818481	0.33203125	0.10455322	0.082336426
-0.7446289	0.19567871	-0.021270752	0.296875	0.11071777	0.044189453
-0.7578125	0.27246094	-0.07977295	0.34692383	0.05166626	-0.021865845
-0.63671875	0.22302246	-0.0035057068	0.29736328	0.17346191	0.022445679
-0.74121094	0.22814941	0.007411957	0.32080078	0.1315918	0.015197754
-0.63916016	0.26000977	0.028640747	0.28515625	0.20495605	0.03265381
-0.54833984	0.33422852	0.083618164	0.2980957	0.23901367	-0.0042381287
-0.69677734	0.19165039	-0.048828125	0.30126953	0.093933105	0.05895996
-0.71777344	0.1875	-0.0026569366	0.29956055	0.123535156	0.042510986
-0.69091797	0.22241211	-0.023468018	0.29907227	0.10809326	0.047698975
-0.6640625	0.27148438	-0.074035645	0.36157227	0.1361084	0.14025879
-0.7729492	0.22192383	-0.012268066	0.2939453	0.13464355	0.045959473
-0.6455078	0.27563477	-0.009757996	0.27954102	0.1817627	0.06100464
-0.68408203	0.20288086	0.0090789795	0.27783203	0.13806152	0.04031372
-0.7597656	0.20275879	-0.046142578	0.33862305	0.06829834	0.065979004
-0.6982422	0.26513672	0.0014839172	0.28637695	0.13549805	0.01789856
-0.7270508	0.22021484	-0.013725281	0.30786133	0.09991455	0.02986145
-0.6767578	0.22668457	-0.006126404	0.29760742	0.1430664	0.06530762
-0.6274414	0.31811523	0.027694702	0.26049805	0.17822266	-0.00299263
-0.6796875	0.26513672	0.012451172	0.29516602	0.051849365	0.044677734
-0.6645508	0.21911621	-0.00299263	0.2705078	0.13317871	0.052459717
-0.6855469	0.24987793	-0.0059776306	0.31054688	0.10845947	0.028930664
-0.70458984	0.26391602	-0.030273438	0.29174805	0.10772705	0.025222778
-0.75439453	0.28833008	-0.035125732	0.34106445	0.062683105	0.020568848
-0.76220703	0.23486328	-0.06781006	0.32373047	0.066589355	0.030380249
-0.82373047	0.18859863	-0.10272217	0.3581543	0.08477783	0.08911133
-0.65722656	0.28173828	-0.026641846	0.3244629	0.23632812	0.06185913
-0.7578125	0.19213867	-0.06072998	0.3334961	0.0713501	0.07458496
-0.70166016	0.21948242	-0.01890564	0.30615234	0.099975586	0.05996704
-0.74902344	0.17297363	-0.016815186	0.34057617	0.093444824	0.045562744
